old_county,old_province_state,old_counrty_region,County,Province_State,Country_Region,Lat,Long_,Confirmed,Deaths,Recovered,Active,FIPS
Tarrant,Texas,US,Tarrant,Texas,US,32.77143818,-97.29101614,,,,,48439
Del Norte,California,US,Del Norte,California,US,41.74228275,-123.8974063,,,,,6015
,,Myanmar,,,Burma,,,,,,,
,,Cyprus,,,Cyprus,,,,,39061,,
,,Belize,,,Belize,17.1899,-88.4976,,,,,
,Northwest Territories,Canada,,Northwest Territories,Canada,64.8255,-124.8457,,,,,
,Diamond Princess,Canada,,Diamond Princess,Canada,,,0,,,,
,Yukon,Canada,,Yukon,Canada,64.2823,-135,,,,,
,,CAR,,,Central African Republic,,,,,,,
,,Hong Kong,,Hong Kong SAR,China,,,,,,,
,,Macao,,Macao SAR,China,,,,,,,
,Gansu,China,,Gansu,China,35.7518,104.2861,,,,,
,Hebei,China,,Hebei,China,37.8957,114.9042,,,,,
,,Congo,,,Congo (Brazzaville),-0.228,15.8277,,,,,
,,DRC,,,Congo (Kinshasa),-4.0383,21.7587,,,,,
,,Ivory Coast,,,Cote d'Ivoire,,,,,,,
,,Faeroe Islands,,Faroe Islands,Denmark,,,,,,,
,,Greenland,,Greenland,Denmark,,,,,,,
,,French Guiana,,French Guiana,France,,,,,,,
,,French Polynesia,,French Polynesia,France,-17.6797,-149.4068,,,,,
,,Guadeloupe,,Guadeloupe,France,,,,,,,
,,Martinique,,Martinique,France,,,,,,,
,,Mayotte,,Mayotte,France,,,,,,,
,,New Caledonia,,New Caledonia,France,,,,,,,
,,Réunion,,Reunion,France,,,,,,,
,,St. Barth,,Saint Barthelemy,France,,,,,,,
,,Saint Pierre Miquelon,,Saint Pierre and Miquelon,France,46.8852,-56.3159,,,,,
,,Saint Martin,,St Martin,France,,,,,,,
,,Vatican City,,,Holy See,,,,,,,
,,S. Korea,,,"Korea, South",,,,,,,
,,Mauritania,,,Mauritania,21.0079,-10.9408,,,,,
,,MS Zaandam,,,MS Zaandam,0,0,,,,,
,,Aruba,,Aruba,Netherlands,,,,,,,
,,Caribbean Netherlands,,"Bonaire, Sint Eustatius and Saba",Netherlands,12.1784,-68.2385,,,,,
,,Curaçao,,Curacao,Netherlands,,,,,,,
,,Sint Maarten,,Sint Maarten,Netherlands,,,,,,,
,,St. Vincent Grenadines,,,Saint Vincent and the Grenadines,,,,,,,
,,Taiwan,,,Taiwan*,,,,,,,
,,UAE,,,United Arab Emirates,,,,,,,
,,Anguilla,,Anguilla,United Kingdom,18.2206,-63.0686,,,,,
,,Bermuda,,Bermuda,United Kingdom,,,,,,,
,,British Virgin Islands,,British Virgin Islands,United Kingdom,18.4207,-64.64,,,,,
,,Cayman Islands,,Cayman Islands,United Kingdom,,,,,,,
,,Channel Islands,,Channel Islands,United Kingdom,,,,,,,
,,Falkland Islands,,Falkland Islands (Malvinas),United Kingdom,-51.7963,-59.5236,,,,,
,,Gibraltar,,Gibraltar,United Kingdom,,,,,,,
,,Isle of Man,,Isle of Man,United Kingdom,,,,,,,
,,Montserrat,,Montserrat,United Kingdom,,,,,,,
,,Turks and Caicos,,Turks and Caicos Islands,United Kingdom,21.694,-71.7979,,,,,
,,UK,,,United Kingdom,,,,,,,
,Amazonas,Colombia,,Amazonas,Colombia,,,,,,,
,Antioquia,Colombia,,Antioquia,Colombia,,,,,,,
,Arauca,Colombia,,Arauca,Colombia,,,,,,,
,Atlantico,Colombia,,Atlantico,Colombia,,,,,,,
,Bolivar,Colombia,,Bolivar,Colombia,,,,,,,
,Boyaca,Colombia,,Boyaca,Colombia,,,,,,,
,Caldas,Colombia,,Caldas,Colombia,,,,,,,
,Capital District,Colombia,,Capital District,Colombia,,,,,,,
,Caqueta,Colombia,,Caqueta,Colombia,,,,,,,
,Casanare,Colombia,,Casanare,Colombia,,,,,,,
,Cauca,Colombia,,Cauca,Colombia,,,,,,,
,Cesar,Colombia,,Cesar,Colombia,,,,,,,
,Choco,Colombia,,Choco,Colombia,,,,,,,
,Cordoba,Colombia,,Cordoba,Colombia,,,,,,,
,Cundinamarca,Colombia,,Cundinamarca,Colombia,,,,,,,
,Guainia,Colombia,,Guainia,Colombia,,,,,,,
,Guaviare,Colombia,,Guaviare,Colombia,,,,,,,
,Huila,Colombia,,Huila,Colombia,,,,,,,
,La Guajira,Colombia,,La Guajira,Colombia,,,,,,,
,Magdalena,Colombia,,Magdalena,Colombia,,,,,,,
,Meta,Colombia,,Meta,Colombia,,,,,,,
,Narino,Colombia,,Narino,Colombia,,,,,,,
,Norte de Santander,Colombia,,Norte de Santander,Colombia,,,,,,,
,Putumayo,Colombia,,Putumayo,Colombia,,,,,,,
,Quindio,Colombia,,Quindio,Colombia,,,,,,,
,Risaralda,Colombia,,Risaralda,Colombia,,,,,,,
,San Andres y Providencia,Colombia,,San Andres y Providencia,Colombia,,,,,,,
,Santander,Colombia,,Santander,Colombia,,,,,,,
,Sucre,Colombia,,Sucre,Colombia,,,,,,,
,Tolima,Colombia,,Tolima,Colombia,,,,,,,
,Valle del Cauca,Colombia,,Valle del Cauca,Colombia,,,,,,,
,Vaupes,Colombia,,Vaupes,Colombia,,,,,,,
,Vichada,Colombia,,Vichada,Colombia,,,,,,,
,Unknown,Colombia,,Unknown,Colombia,,,,,,,
Apache,Arizona,US,Apache,Arizona,US,,,,,,,
Cochise,Arizona,US,Cochise,Arizona,US,,,,,,,
Coconino,Arizona,US,Coconino,Arizona,US,,,,,,,
Gila,Arizona,US,Gila,Arizona,US,,,,,,,
Graham,Arizona,US,Graham,Arizona,US,,,,,,,
Greenlee,Arizona,US,Greenlee,Arizona,US,,,,,,,
La Paz,Arizona,US,La Paz,Arizona,US,,,,,,,
Maricopa,Arizona,US,Maricopa,Arizona,US,,,,,,,
Mohave,Arizona,US,Mohave,Arizona,US,,,,,,,
Navajo,Arizona,US,Navajo,Arizona,US,,,,,,,
Out of AZ,Arizona,US,Out of AZ,Arizona,US,,,,,,,
Pima,Arizona,US,Pima,Arizona,US,,,,,,,
Pinal,Arizona,US,Pinal,Arizona,US,,,,,,,
Santa Cruz,Arizona,US,Santa Cruz,Arizona,US,,,,,,,
Unassigned,Arizona,US,Unassigned,Arizona,US,,,,,,,
Yavapai,Arizona,US,Yavapai,Arizona,US,,,,,,,
Yuma,Arizona,US,Yuma,Arizona,US,,,,,,,
,,UK,,,United Kingdom,,,,,,,
Apache,Arizona,US,Apache,Arizona,US,,,,,,,
Cochise,Arizona,US,Cochise,Arizona,US,,,,,,,
Coconino,Arizona,US,Coconino,Arizona,US,,,,,,,
Gila,Arizona,US,Gila,Arizona,US,,,,,,,
Graham,Arizona,US,Graham,Arizona,US,,,,,,,
Greenlee,Arizona,US,Greenlee,Arizona,US,,,,,,,
La Paz,Arizona,US,La Paz,Arizona,US,,,,,,,
Maricopa,Arizona,US,Maricopa,Arizona,US,,,,,,,
Mohave,Arizona,US,Mohave,Arizona,US,,,,,,,
Navajo,Arizona,US,Navajo,Arizona,US,,,,,,,
Out of AZ,Arizona,US,Out of AZ,Arizona,US,,,,,,,
Pima,Arizona,US,Pima,Arizona,US,,,,,,,
Pinal,Arizona,US,Pinal,Arizona,US,,,,,,,
Santa Cruz,Arizona,US,Santa Cruz,Arizona,US,,,,,,,
Unassigned,Arizona,US,Unassigned,Arizona,US,,,,,,,
Yavapai,Arizona,US,Yavapai,Arizona,US,,,,,,,
Yuma,Arizona,US,Yuma,Arizona,US,,,,,,,
Hillsborough-Manchester,New Hampshire,US,Hillsborough,New Hampshire,US,42.91537785,-71.7200253,,,,,33011
Hillsborough-other,New Hampshire,US,Hillsborough,New Hampshire,US,42.91537785,-71.7200253,,,,,33011
Hillsborough-Other,New Hampshire,US,Hillsborough,New Hampshire,US,42.91537785,-71.7200253,,,,,33011
Hillsborough-Nashua,New Hampshire,US,Hillsborough,New Hampshire,US,42.91537785,-71.7200253,,,,,33011
Belknap,New Hampshire,US,Belknap,New Hampshire,US,,,,,,,
Carroll,New Hampshire,US,Carroll,New Hampshire,US,,,,,,,
Cheshire,New Hampshire,US,Cheshire,New Hampshire,US,,,,,,,
Coos,New Hampshire,US,Coos,New Hampshire,US,,,,,,,
Grafton,New Hampshire,US,Grafton,New Hampshire,US,,,,,,,
Hillsborough,New Hampshire,US,Hillsborough,New Hampshire,US,,,,,,,
Merrimack,New Hampshire,US,Merrimack,New Hampshire,US,,,,,,,
Rockingham,New Hampshire,US,Rockingham,New Hampshire,US,,,,,,,
Strafford,New Hampshire,US,Strafford,New Hampshire,US,,,,,,,
Sullivan,New Hampshire,US,Sullivan,New Hampshire,US,,,,,,,
Unassigned,New Hampshire,US,Unassigned,New Hampshire,US,,,,,,,
Eagle River,Alaska,US,Anchorage,Alaska,US,61.14998174,-149.1426986,,,,,2020
Gridwood,Alaska,US,Anchorage,Alaska,US,61.14998174,-149.1426986,,,,,2020
Anchorage--Eagle River,Alaska,US,Anchorage,Alaska,US,61.14998174,-149.1426986,,,,,2020
Anchorage--Gridwood,Alaska,US,Anchorage,Alaska,US,61.14998174,-149.1426986,,,,,2020
Sterling,Alaska,US,Kenai Peninsula,Alaska,US,60.24429722,-151.5388884,,,,,2122
Soldotna,Alaska,US,Kenai Peninsula,Alaska,US,60.24429722,-151.5388884,,,,,2122
Seward,Alaska,US,Kenai Peninsula,Alaska,US,60.24429722,-151.5388884,,,,,2122
Homer,Alaska,US,Kenai Peninsula,Alaska,US,60.24429722,-151.5388884,,,,,2122
Kenai,Alaska,US,Kenai Peninsula,Alaska,US,60.24429722,-151.5388884,,,,,2122
Kenai Peninsula--Homer,Alaska,US,Kenai Peninsula,Alaska,US,60.24429722,-151.5388884,,,,,2122
Kenai Peninsula--Soldotna,Alaska,US,Kenai Peninsula,Alaska,US,60.24429722,-151.5388884,,,,,2122
Kenai Peninsula--Sterling,Alaska,US,Kenai Peninsula,Alaska,US,60.24429722,-151.5388884,,,,,2122
Kenai Peninsula--Seward,Alaska,US,Kenai Peninsula,Alaska,US,60.24429722,-151.5388884,,,,,2122
Palmer,Alaska,US,Matanuska-Susitna,Alaska,US,62.31305045,-149.5741743,,,,,2170
Wasilla,Alaska,US,Matanuska-Susitna,Alaska,US,62.31305045,-149.5741743,,,,,2170
Matanuska-Susitna--Wasilla,Alaska,US,Matanuska-Susitna,Alaska,US,62.31305045,-149.5741743,,,,,2170
Out of state,Colorado,US,Out of CO,Colorado,US,,,,,,,80008
Philips,Colorado,US,Phillips,Colorado,US,40.59414277,-102.3577703,,,,,8095
District of Columbia,"Washington, D.C.",US,District of Columbia,District of Columbia,US,38.90417773,-77.01655992,,,,,11001
Desoto,Florida,US,DeSoto,Florida,US,27.18677893,-81.80941373,,,,,12027
Unknown,Florida,US,Unassigned,Florida,US,,,,,,,90012
Dekalb,Georgia,US,DeKalb,Georgia,US,33.76944049,-84.22396017,,,,,13089
Mcduffie,Georgia,US,McDuffie,Georgia,US,33.47851918,-82.48252774,,,,,13189
Mcintosh,Georgia,US,McIntosh,Georgia,US,31.49683595,-81.40163426,,,,,13191
Non-Georgia Resident,Georgia,US,Out of GA,Georgia,US,,,,,,,80013
Unknown,Georgia,US,Unassigned,Georgia,US,,,,,,,90013
,,Guam,,Guam,US,13.4443,144.7937,,,,,66
Hawaii Island,Hawaii,US,Hawaii,Hawaii,US,19.60121157,-155.5210167,,,,,15001
Residents diagnosed Outside of HI,Hawaii,US,Out of HI,Hawaii,US,,,,,,,80015
Adam,Idaho,US,Adams,Idaho,US,44.89333571,-116.4545247,,,,,16003
DeWitt,Illinois,US,De Witt,Illinois,US,40.17514519,-88.90959682,,,,,17039
La Salle,Illinois,US,LaSalle,Illinois,US,41.3442613,-88.88633881,,,,,17099
Caroll,Indiana,US,Carroll,Indiana,US,40.5807832,-86.56198812,,,,,18015
De Kalb,Indiana,US,DeKalb,Indiana,US,41.39804622,-84.99906934,,,,,18033
La Porte,Indiana,US,LaPorte,Indiana,US,41.54366008,-86.74072188,,,,,18091
Verm.,Indiana,US,Vermillion,Indiana,US,39.8523352,-87.46160542,,,,,18165
Whitlty,Indiana,US,Whitley,Indiana,US,41.13863784,-85.50791236,,,,,18183
Obrien,Iowa,US,O'Brien,Iowa,US,43.08310673,-95.62474482,,,,,19141
Unknown,Kansas,US,Unassigned,Kansas,US,,,,,,,90020
La Salle,Louisiana,US,LaSalle,Louisiana,US,31.67884782,-92.15907765,,,,,22059
Parish Under Investigation,Louisiana,US,Unassigned,Louisiana,US,,,,,,,90022
West Celiciana,Louisiana,US,West Feliciana,Louisiana,US,30.87882871,-91.4148538,,,,,22125
Prince Georges,Maryland,US,Prince George's,Maryland,US,38.83070039,-76.8496441,,,,,24033
Queen Annes,Maryland,US,Queen Anne's,Maryland,US,39.06198912,-76.03530977,,,,,24035
St. Marys,Maryland,US,St. Mary's,Maryland,US,38.30058422,-76.6062928,,,,,24037
Dukes and Nantucket,Massachusetts,US,Dukes and Nantucket,Massachusetts,US,41.40674725,-70.68763497,,,,,
Dickson,Michigan,US,Manistee,Michigan,US,44.33352407,-86.05626916,,,,,26101
Out of State,Michigan,US,Out of MI,Michigan,US,,,,,,,80026
Other,Michigan,US,Unassigned,Michigan,US,,,,,,,90026
Unknown,Michigan,US,Unassigned,Michigan,US,,,,,,,90026
Wayne--Detroit,Michigan,US,Wayne,Michigan,US,42.28098405,-83.281255,,,,,26163
Filmore,Minnesota,US,Fillmore,Minnesota,US,43.67394126,-92.08980382,,,,,27045
Lac Qui Parle,Minnesota,US,Lac qui Parle,Minnesota,US,44.9973857,-96.17488219,,,,,27073
LeSeur,Minnesota,US,Le Sueur,Minnesota,US,44.37136597,-93.72844721,,,,,27079
unassign,Minnesota,US,Unassigned,Minnesota,US,,,,,,,90027
Joplin,Missouri,US,Jasper,Missouri,US,37.20351921,-94.34050458,,,,,29097
Kansas City,Missouri,US,Kansas City,Missouri,US,39.0997,-94.5786,,,,,
TBD,Missouri,US,Unassigned,Missouri,US,,,,,,,90029
Box,Nebraska,US,Box Butte,Nebraska,US,42.22079243,-103.0878834,,,,,31013
Unassigned,Nebraska,US,Unassigned,Nebraska,US,,,,,,,90031
Alexander,South Carolina,US,Alexander,North Carolina,US,35.9223796,-81.17751948,,,,,37003
Stanley,North Carolina,US,Gaston,North Carolina,US,35.29373559,-81.17477045,,,,,37071
Saipan,Northern Mariana Islands,US,,Northern Mariana Islands,US,15.0979,145.6739,,,,,69
Unassigned,Northern Mariana Islands,US,,Northern Mariana Islands,US,15.0979,145.6739,,,,,69
,Northern Mariana Islands,US,,Northern Mariana Islands,US,15.0979,145.6739,,,,,69
Out-of-State,Oklahoma,US,Out of OK,Oklahoma,US,,,,,,,80040
Mckean,Pennsylvania,US,McKean,Pennsylvania,US,41.80938602,-78.56478358,,,,,42083
,,Puerto Rico,,Puerto Rico,US,,,,,,,72
Dekalb,Tennessee,US,DeKalb,Tennessee,US,35.97616272,-85.83689361,,,,,47041
Out-of-state,Tennessee,US,Out of TN,Tennessee,US,,,,,,,80047
Unknown,Tennessee,US,Unassigned,Tennessee,US,,,,,,,90047
De Witt,Texas,US,DeWitt,Texas,US,29.08101855,-97.3568117,,,,,48123
El Paso--Fort Bliss,Texas,US,El Paso,Texas,US,31.76980765,-106.2363275,,,,,48141
Harris--Houston,Texas,US,Harris,Texas,US,29.86,-95.39,,,,,48201
Harris--Non Houston,Texas,US,Harris,Texas,US,29.86,-95.39,,,,,48201
Non-Utah resident,Utah,US,Out of UT,Utah,US,,,,,,,80049
Unassigned Bear River,Utah,US,Bear River,Utah,US,,,,,,,90049
Unassigned Southwest,Utah,US,Southwest Utah,Utah,US,,,,,,,90049
unassigned,Utah,US,Unassigned,Utah,US,,,,,,,90049
St. John,Virgin Islands,US,,Virgin Islands,US,18.3358,-64.8963,,,,,78
St. Thomas,US Virgin Islands,US,,Virgin Islands,US,18.3358,-64.8963,,,,,78
St. Croix,US Virgin Islands,US,,Virgin Islands,US,18.3358,-64.8963,,,,,78
St. John,US Virgin Islands,US,,Virgin Islands,US,18.3358,-64.8963,,,,,78
,,U.S. Virgin Islands,,Virgin Islands,US,18.3358,-64.8963,,,,,78
,,Palestine,,,West Bank and Gaza,31.9522,35.2332,,,,,
,,Western Sahara,,,Western Sahara,24.2155,-12.8858,,,,,
Wayne--Non Detroit,Michigan,US,Wayne,Michigan,US,42.28098405,-83.281255,,,,,26163
Residents Diagnosed Outside of HI,Hawaii,US,Out of HI,Hawaii,US,,,,,,,80015
Mcclain,Oklahoma,US,McClain,Oklahoma,US,35.01123903,-97.44572302,,,,,40087
Mccurtain,Oklahoma,US,McCurtain,Oklahoma,US,34.11664328,-94.77222373,,,,,40089
Mcintosh,Oklahoma,US,McIntosh,Oklahoma,US,35.37235506,-95.66599306,,,,,40091
Data not available,Maryland,US,Unassigned,Maryland,US,,,,,,,90024
Out of state,Illinois,US,Out of IL,Illinois,US,,,,,,,80017
Mcpherson,Nebraska,US,McPherson,Nebraska,US,41.56797682,-101.0599362,,,,,31117
Henderon,North Carolina,US,Henderson,North Carolina,US,35.33788927,-82.4766782,,,,,37089
Siskiyou,California,US,Siskiyou,California,US,41.59198861,-122.5407434,,,,,6093
,La Libertad,Peru,,La Libertad,Peru,-7.92139,-78.370238,,,,,
,Piura,Peru,,Piura,Peru,-5.133361,-80.335861,,,,,
,Piaui,Brazil,,Piaui,Brazil,-7.7183,-42.7289,,,,,
Adams,Pennsylvania,US,Adams,Pennsylvania,US,39.87140411,-77.21610347,,,,,42001
Allegheny,Pennsylvania,US,Allegheny,Pennsylvania,US,40.46809875,-79.98167747,,,,,42003
Armstrong,Pennsylvania,US,Armstrong,Pennsylvania,US,40.81665618,-79.46290811,,,,,42005
Beaver,Pennsylvania,US,Beaver,Pennsylvania,US,40.6825484,-80.34921611,,,,,42007
Bedford,Pennsylvania,US,Bedford,Pennsylvania,US,40.00522157,-78.48998442,,,,,42009
Berks,Pennsylvania,US,Berks,Pennsylvania,US,40.41570541,-75.92457766,,,,,42011
Blair,Pennsylvania,US,Blair,Pennsylvania,US,40.47961444,-78.34917412,,,,,42013
Bradford,Pennsylvania,US,Bradford,Pennsylvania,US,41.78869215,-76.51570822,,,,,42015
Bucks,Pennsylvania,US,Bucks,Pennsylvania,US,40.33682119,-75.10836643,,,,,42017
Butler,Pennsylvania,US,Butler,Pennsylvania,US,40.91152759,-79.91351055,,,,,42019
Cambria,Pennsylvania,US,Cambria,Pennsylvania,US,40.49527404,-78.71377428,,,,,42021
Cameron,Pennsylvania,US,Cameron,Pennsylvania,US,41.43625568,-78.20376845,,,,,42023
Carbon,Pennsylvania,US,Carbon,Pennsylvania,US,40.91545395,-75.7068525,,,,,42025
Centre,Pennsylvania,US,Centre,Pennsylvania,US,40.92058903,-77.82200624,,,,,42027
Chester,Pennsylvania,US,Chester,Pennsylvania,US,39.97291773,-75.74768357,,,,,42029
Clarion,Pennsylvania,US,Clarion,Pennsylvania,US,41.19265812,-79.42413524,,,,,42031
Clearfield,Pennsylvania,US,Clearfield,Pennsylvania,US,41.00110782,-78.47592663,,,,,42033
Clinton,Pennsylvania,US,Clinton,Pennsylvania,US,41.23255967,-77.63785995,,,,,42035
Columbia,Pennsylvania,US,Columbia,Pennsylvania,US,41.04821986,-76.40565017,,,,,42037
Crawford,Pennsylvania,US,Crawford,Pennsylvania,US,41.68447709,-80.10760592,,,,,42039
Cumberland,Pennsylvania,US,Cumberland,Pennsylvania,US,40.1625372,-77.26130755,,,,,42041
Dauphin,Pennsylvania,US,Dauphin,Pennsylvania,US,40.41377078,-76.77993242,,,,,42043
Delaware,Pennsylvania,US,Delaware,Pennsylvania,US,39.91680171,-75.40243663,,,,,42045
Elk,Pennsylvania,US,Elk,Pennsylvania,US,41.42822061,-78.64524744,,,,,42047
Erie,Pennsylvania,US,Erie,Pennsylvania,US,41.99253829,-80.03301954,,,,,42049
Fayette,Pennsylvania,US,Fayette,Pennsylvania,US,39.92041012,-79.64291195,,,,,42051
Forest,Pennsylvania,US,Forest,Pennsylvania,US,41.51095103,-79.23229292,,,,,42053
Franklin,Pennsylvania,US,Franklin,Pennsylvania,US,39.92956518,-77.72157791,,,,,42055
Fulton,Pennsylvania,US,Fulton,Pennsylvania,US,39.92913544,-78.11163677,,,,,42057
Greene,Pennsylvania,US,Greene,Pennsylvania,US,39.85746531,-80.22357106,,,,,42059
Huntingdon,Pennsylvania,US,Huntingdon,Pennsylvania,US,40.42162652,-77.97673273,,,,,42061
Indiana,Pennsylvania,US,Indiana,Pennsylvania,US,40.65241041,-79.08963285,,,,,42063
Jefferson,Pennsylvania,US,Jefferson,Pennsylvania,US,41.12913106,-78.9986361,,,,,42065
Juniata,Pennsylvania,US,Juniata,Pennsylvania,US,40.53358749,-77.3997513,,,,,42067
Lackawanna,Pennsylvania,US,Lackawanna,Pennsylvania,US,41.43564672,-75.60379201,,,,,42069
Lancaster,Pennsylvania,US,Lancaster,Pennsylvania,US,40.03904563,-76.24770128,,,,,42071
Lawrence,Pennsylvania,US,Lawrence,Pennsylvania,US,40.99206278,-80.33393706,,,,,42073
Lebanon,Pennsylvania,US,Lebanon,Pennsylvania,US,40.36680311,-76.45651841,,,,,42075
Lehigh,Pennsylvania,US,Lehigh,Pennsylvania,US,40.6154815,-75.59435245,,,,,42077
Luzerne,Pennsylvania,US,Luzerne,Pennsylvania,US,41.17823008,-75.98447579,,,,,42079
Lycoming,Pennsylvania,US,Lycoming,Pennsylvania,US,41.34310539,-77.06629984,,,,,42081
McKean,Pennsylvania,US,McKean,Pennsylvania,US,41.80938602,-78.56478358,,,,,42083
Mercer,Pennsylvania,US,Mercer,Pennsylvania,US,41.30248872,-80.25816981,,,,,42085
Mifflin,Pennsylvania,US,Mifflin,Pennsylvania,US,40.61116939,-77.61070738,,,,,42087
Monroe,Pennsylvania,US,Monroe,Pennsylvania,US,41.05934058,-75.34031025,,,,,42089
Montgomery,Pennsylvania,US,Montgomery,Pennsylvania,US,40.21053671,-75.36652296,,,,,42091
Montour,Pennsylvania,US,Montour,Pennsylvania,US,41.03023987,-76.66345939,,,,,42093
Northampton,Pennsylvania,US,Northampton,Pennsylvania,US,40.75182733,-75.30471829,,,,,42095
Northumberland,Pennsylvania,US,Northumberland,Pennsylvania,US,40.84785433,-76.70798222,,,,,42097
Perry,Pennsylvania,US,Perry,Pennsylvania,US,40.40206612,-77.26297447,,,,,42099
Philadelphia,Pennsylvania,US,Philadelphia,Pennsylvania,US,40.00338507,-75.1379271,,,,,42101
Pike,Pennsylvania,US,Pike,Pennsylvania,US,41.33155042,-75.03208106,,,,,42103
Potter,Pennsylvania,US,Potter,Pennsylvania,US,41.74471626,-77.89559864,,,,,42105
Schuylkill,Pennsylvania,US,Schuylkill,Pennsylvania,US,40.70497338,-76.2150785,,,,,42107
Snyder,Pennsylvania,US,Snyder,Pennsylvania,US,40.77129231,-77.06840691,,,,,42109
Somerset,Pennsylvania,US,Somerset,Pennsylvania,US,39.97172723,-79.02699593,,,,,42111
Sullivan,Pennsylvania,US,Sullivan,Pennsylvania,US,41.44634738,-76.51246591,,,,,42113
Susquehanna,Pennsylvania,US,Susquehanna,Pennsylvania,US,41.82147784,-75.80071959,,,,,42115
Tioga,Pennsylvania,US,Tioga,Pennsylvania,US,41.77255149,-77.25433032,,,,,42117
Unassigned,Pennsylvania,US,Unassigned,Pennsylvania,US,,,,,,,90042
Union,Pennsylvania,US,Union,Pennsylvania,US,40.96188846,-77.05996014,,,,,42119
Venango,Pennsylvania,US,Venango,Pennsylvania,US,41.40323442,-79.75845449,,,,,42121
Warren,Pennsylvania,US,Warren,Pennsylvania,US,41.81304978,-79.26969577,,,,,42123
Washington,Pennsylvania,US,Washington,Pennsylvania,US,40.19208869,-80.24582867,,,,,42125
Wayne,Pennsylvania,US,Wayne,Pennsylvania,US,41.64938475,-75.29956506,,,,,42127
Westmoreland,Pennsylvania,US,Westmoreland,Pennsylvania,US,40.3137798,-79.46615476,,,,,42129
Wyoming,Pennsylvania,US,Wyoming,Pennsylvania,US,41.51955538,-76.01074915,,,,,42131
York,Pennsylvania,US,York,Pennsylvania,US,39.9210089,-76.73040131,,,,,42133
Adams,Indiana,US,Adams,Indiana,US,40.7457653,-84.93671406,,,,,18001
Allen,Indiana,US,Allen,Indiana,US,41.09194313,-85.06800636,,,,,18003
Bartholomew,Indiana,US,Bartholomew,Indiana,US,39.20744865,-85.89558181,,,,,18005
Benton,Indiana,US,Benton,Indiana,US,40.60626947,-87.31093999,,,,,18007
Blackford,Indiana,US,Blackford,Indiana,US,40.47388153,-85.32499702,,,,,18009
Boone,Indiana,US,Boone,Indiana,US,40.0509304,-86.46841646,,,,,18011
Brown,Indiana,US,Brown,Indiana,US,39.19605589,-86.22868909,,,,,18013
Carroll,Indiana,US,Carroll,Indiana,US,40.5807832,-86.56198812,,,,,18015
Cass,Indiana,US,Cass,Indiana,US,40.76135835,-86.34830753,,,,,18017
Clark,Indiana,US,Clark,Indiana,US,38.48015445,-85.70510334,,,,,18019
Clay,Indiana,US,Clay,Indiana,US,39.39561833,-87.11723506,,,,,18021
Clinton,Indiana,US,Clinton,Indiana,US,40.30319754,-86.47277257,,,,,18023
Crawford,Indiana,US,Crawford,Indiana,US,38.28814402,-86.44518825,,,,,18025
Daviess,Indiana,US,Daviess,Indiana,US,38.70186039,-87.07185406,,,,,18027
DeKalb,Indiana,US,DeKalb,Indiana,US,41.39804622,-84.99906934,,,,,18033
Dearborn,Indiana,US,Dearborn,Indiana,US,39.14647946,-84.97333539,,,,,18029
Decatur,Indiana,US,Decatur,Indiana,US,39.30712658,-85.50087166,,,,,18031
Delaware,Indiana,US,Delaware,Indiana,US,40.22787247,-85.39732772,,,,,18035
Dubois,Indiana,US,Dubois,Indiana,US,38.36597551,-86.8792417,,,,,18037
Elkhart,Indiana,US,Elkhart,Indiana,US,41.59761169,-85.85875695,,,,,18039
Fayette,Indiana,US,Fayette,Indiana,US,39.63684962,-85.17797541,,,,,18041
Floyd,Indiana,US,Floyd,Indiana,US,38.32117957,-85.90385377,,,,,18043
Fountain,Indiana,US,Fountain,Indiana,US,40.12361933,-87.24217689,,,,,18045
Franklin,Indiana,US,Franklin,Indiana,US,39.4142482,-85.06062647,,,,,18047
Fulton,Indiana,US,Fulton,Indiana,US,41.0469907,-86.26252745,,,,,18049
Gibson,Indiana,US,Gibson,Indiana,US,38.30393723,-87.58054938,,,,,18051
Grant,Indiana,US,Grant,Indiana,US,40.51587228,-85.65468702,,,,,18053
Greene,Indiana,US,Greene,Indiana,US,39.03630547,-86.96223202,,,,,18055
Hamilton,Indiana,US,Hamilton,Indiana,US,40.07306535,-86.05244729,,,,,18057
Hancock,Indiana,US,Hancock,Indiana,US,39.82304555,-85.77566351,,,,,18059
Harrison,Indiana,US,Harrison,Indiana,US,38.19467379,-86.10948271,,,,,18061
Hendricks,Indiana,US,Hendricks,Indiana,US,39.76719009,-86.51037283,,,,,18063
Henry,Indiana,US,Henry,Indiana,US,39.93029017,-85.39625719,,,,,18065
Howard,Indiana,US,Howard,Indiana,US,40.48527731,-86.11351892,,,,,18067
Huntington,Indiana,US,Huntington,Indiana,US,40.82907273,-85.48822092,,,,,18069
Jackson,Indiana,US,Jackson,Indiana,US,38.9091582,-86.03851889,,,,,18071
Jasper,Indiana,US,Jasper,Indiana,US,41.02078733,-87.11553319,,,,,18073
Jay,Indiana,US,Jay,Indiana,US,40.43781032,-85.00576229,,,,,18075
Jefferson,Indiana,US,Jefferson,Indiana,US,38.78576239,-85.43633383,,,,,18077
Jennings,Indiana,US,Jennings,Indiana,US,38.99588883,-85.62710784,,,,,18079
Johnson,Indiana,US,Johnson,Indiana,US,39.48994426,-86.10149107,,,,,18081
Knox,Indiana,US,Knox,Indiana,US,38.68861576,-87.4194665,,,,,18083
Kosciusko,Indiana,US,Kosciusko,Indiana,US,41.24521668,-85.86312322,,,,,18085
LaGrange,Indiana,US,LaGrange,Indiana,US,41.64232188,-85.42674232,,,,,18087
LaPorte,Indiana,US,LaPorte,Indiana,US,41.54366008,-86.74072188,,,,,18091
Lake,Indiana,US,Lake,Indiana,US,41.41874274,-87.38277575,,,,,18089
Lawrence,Indiana,US,Lawrence,Indiana,US,38.84112637,-86.48361629,,,,,18093
Madison,Indiana,US,Madison,Indiana,US,40.16143691,-85.71964711,,,,,18095
Marion,Indiana,US,Marion,Indiana,US,39.78163624,-86.13826325,,,,,18097
Marshall,Indiana,US,Marshall,Indiana,US,41.32467367,-86.26185087,,,,,18099
Martin,Indiana,US,Martin,Indiana,US,38.7099921,-86.80373186,,,,,18101
Miami,Indiana,US,Miami,Indiana,US,40.76940965,-86.04525048,,,,,18103
Monroe,Indiana,US,Monroe,Indiana,US,39.16130004,-86.52414358,,,,,18105
Montgomery,Indiana,US,Montgomery,Indiana,US,40.04034823,-86.89335024,,,,,18107
Morgan,Indiana,US,Morgan,Indiana,US,39.47899078,-86.44573375,,,,,18109
Newton,Indiana,US,Newton,Indiana,US,40.95610449,-87.39635768,,,,,18111
Noble,Indiana,US,Noble,Indiana,US,41.39672484,-85.41966713,,,,,18113
Ohio,Indiana,US,Ohio,Indiana,US,38.955305,-84.96515993,,,,,18115
Orange,Indiana,US,Orange,Indiana,US,38.5411892,-86.49523093,,,,,18117
Owen,Indiana,US,Owen,Indiana,US,39.31145587,-86.83900724,,,,,18119
Parke,Indiana,US,Parke,Indiana,US,39.77202286,-87.20375833,,,,,18121
Perry,Indiana,US,Perry,Indiana,US,38.07809328,-86.63741946,,,,,18123
Pike,Indiana,US,Pike,Indiana,US,38.40112197,-87.23574907,,,,,18125
Porter,Indiana,US,Porter,Indiana,US,41.45986947,-87.06848888,,,,,18127
Posey,Indiana,US,Posey,Indiana,US,38.02097333,-87.86480429,,,,,18129
Pulaski,Indiana,US,Pulaski,Indiana,US,41.04166107,-86.69890683,,,,,18131
Putnam,Indiana,US,Putnam,Indiana,US,39.66437981,-86.84517605,,,,,18133
Randolph,Indiana,US,Randolph,Indiana,US,40.15734772,-85.01139319,,,,,18135
Ripley,Indiana,US,Ripley,Indiana,US,39.10235626,-85.26212744,,,,,18137
Rush,Indiana,US,Rush,Indiana,US,39.62002287,-85.4655599,,,,,18139
Scott,Indiana,US,Scott,Indiana,US,38.68672078,-85.74627859,,,,,18143
Shelby,Indiana,US,Shelby,Indiana,US,39.52305623,-85.7915857,,,,,18145
Spencer,Indiana,US,Spencer,Indiana,US,38.01519732,-87.0079644,,,,,18147
St. Joseph,Indiana,US,St. Joseph,Indiana,US,41.61756781,-86.29040834,,,,,18141
Starke,Indiana,US,Starke,Indiana,US,41.27890281,-86.64686895,,,,,18149
Steuben,Indiana,US,Steuben,Indiana,US,41.64423868,-85.00101094,,,,,18151
Sullivan,Indiana,US,Sullivan,Indiana,US,39.08952258,-87.41414469,,,,,18153
Switzerland,Indiana,US,Switzerland,Indiana,US,38.82767338,-85.03022429,,,,,18155
Tippecanoe,Indiana,US,Tippecanoe,Indiana,US,40.38872739,-86.89413959,,,,,18157
Tipton,Indiana,US,Tipton,Indiana,US,40.31123252,-86.05234925,,,,,18159
Unassigned,Indiana,US,Unassigned,Indiana,US,,,,,,,90018
Union,Indiana,US,Union,Indiana,US,39.62550777,-84.92497066,,,,,18161
Vanderburgh,Indiana,US,Vanderburgh,Indiana,US,38.02658833,-87.58763124,,,,,18163
Vermillion,Indiana,US,Vermillion,Indiana,US,39.8523352,-87.46160542,,,,,18165
Vigo,Indiana,US,Vigo,Indiana,US,39.42944561,-87.39169027,,,,,18167
Wabash,Indiana,US,Wabash,Indiana,US,40.84704239,-85.79328272,,,,,18169
Warren,Indiana,US,Warren,Indiana,US,40.34728141,-87.35602659,,,,,18171
Warrick,Indiana,US,Warrick,Indiana,US,38.08922676,-87.2716085,,,,,18173
Washington,Indiana,US,Washington,Indiana,US,38.60219804,-86.1049363,,,,,18175
Wayne,Indiana,US,Wayne,Indiana,US,39.8633444,-85.01044989,,,,,18177
Wells,Indiana,US,Wells,Indiana,US,40.72934187,-85.22132966,,,,,18179
White,Indiana,US,White,Indiana,US,40.74911165,-86.86492015,,,,,18181
Whitley,Indiana,US,Whitley,Indiana,US,41.13863784,-85.50791236,,,,,18183
Ada,Idaho,US,Ada,Idaho,US,,,,,,,
Adams,Idaho,US,Adams,Idaho,US,,,,,,,
Bannock,Idaho,US,Bannock,Idaho,US,,,,,,,
Bear Lake,Idaho,US,Bear Lake,Idaho,US,,,,,,,
Benewah,Idaho,US,Benewah,Idaho,US,,,,,,,
Bingham,Idaho,US,Bingham,Idaho,US,,,,,,,
Blaine,Idaho,US,Blaine,Idaho,US,,,,,,,
Boise,Idaho,US,Boise,Idaho,US,,,,,,,
Bonner,Idaho,US,Bonner,Idaho,US,,,,,,,
Bonneville,Idaho,US,Bonneville,Idaho,US,,,,,,,
Boundary,Idaho,US,Boundary,Idaho,US,,,,,,,
Butte,Idaho,US,Butte,Idaho,US,,,,,,,
Camas,Idaho,US,Camas,Idaho,US,,,,,,,
Canyon,Idaho,US,Canyon,Idaho,US,,,,,,,
Caribou,Idaho,US,Caribou,Idaho,US,,,,,,,
Cassia,Idaho,US,Cassia,Idaho,US,,,,,,,
Clark,Idaho,US,Clark,Idaho,US,,,,,,,
Clearwater,Idaho,US,Clearwater,Idaho,US,,,,,,,
Custer,Idaho,US,Custer,Idaho,US,,,,,,,
Elmore,Idaho,US,Elmore,Idaho,US,,,,,,,
Franklin,Idaho,US,Franklin,Idaho,US,,,,,,,
Fremont,Idaho,US,Fremont,Idaho,US,,,,,,,
Gem,Idaho,US,Gem,Idaho,US,,,,,,,
Gooding,Idaho,US,Gooding,Idaho,US,,,,,,,
Idaho,Idaho,US,Idaho,Idaho,US,,,,,,,
Jefferson,Idaho,US,Jefferson,Idaho,US,,,,,,,
Jerome,Idaho,US,Jerome,Idaho,US,,,,,,,
Kootenai,Idaho,US,Kootenai,Idaho,US,,,,,,,
Latah,Idaho,US,Latah,Idaho,US,,,,,,,
Lemhi,Idaho,US,Lemhi,Idaho,US,,,,,,,
Lewis,Idaho,US,Lewis,Idaho,US,,,,,,,
Lincoln,Idaho,US,Lincoln,Idaho,US,,,,,,,
Madison,Idaho,US,Madison,Idaho,US,,,,,,,
Minidoka,Idaho,US,Minidoka,Idaho,US,,,,,,,
Nez Perce,Idaho,US,Nez Perce,Idaho,US,,,,,,,
Oneida,Idaho,US,Oneida,Idaho,US,,,,,,,
Owyhee,Idaho,US,Owyhee,Idaho,US,,,,,,,
Payette,Idaho,US,Payette,Idaho,US,,,,,,,
Power,Idaho,US,Power,Idaho,US,,,,,,,
Shoshone,Idaho,US,Shoshone,Idaho,US,,,,,,,
Teton,Idaho,US,Teton,Idaho,US,,,,,,,
Twin Falls,Idaho,US,Twin Falls,Idaho,US,,,,,,,
Unassigned,Idaho,US,Unassigned,Idaho,US,,,,,,,
Valley,Idaho,US,Valley,Idaho,US,,,,,,,
Washington,Idaho,US,Washington,Idaho,US,,,,,,,
Adams,Washington,US,Adams,Washington,US,,,,,,,
Asotin,Washington,US,Asotin,Washington,US,,,,,,,
Benton,Washington,US,Benton,Washington,US,,,,,,,
Chelan,Washington,US,Chelan,Washington,US,,,,,,,
Clallam,Washington,US,Clallam,Washington,US,,,,,,,
Clark,Washington,US,Clark,Washington,US,,,,,,,
Columbia,Washington,US,Columbia,Washington,US,,,,,,,
Cowlitz,Washington,US,Cowlitz,Washington,US,,,,,,,
Douglas,Washington,US,Douglas,Washington,US,,,,,,,
Ferry,Washington,US,Ferry,Washington,US,,,,,,,
Franklin,Washington,US,Franklin,Washington,US,,,,,,,
Garfield,Washington,US,Garfield,Washington,US,,,,,,,
Grant,Washington,US,Grant,Washington,US,,,,,,,
Mccone,Montana,US,McCone,Montana,US,47.64469406,-105.7944994,,,,,30055
Grays Harbor,Washington,US,Grays Harbor,Washington,US,,,,,,,
Island,Washington,US,Island,Washington,US,,,,,,,
Jefferson,Washington,US,Jefferson,Washington,US,,,,,,,
King,Washington,US,King,Washington,US,,,,,,,
Kitsap,Washington,US,Kitsap,Washington,US,,,,,,,
Kittitas,Washington,US,Kittitas,Washington,US,,,,,,,
Klickitat,Washington,US,Klickitat,Washington,US,,,,,,,
Lewis,Washington,US,Lewis,Washington,US,,,,,,,
Lincoln,Washington,US,Lincoln,Washington,US,,,,,,,
Mason,Washington,US,Mason,Washington,US,,,,,,,
Okanogan,Washington,US,Okanogan,Washington,US,,,,,,,
Pacific,Washington,US,Pacific,Washington,US,,,,,,,
Pend Oreille,Washington,US,Pend Oreille,Washington,US,,,,,,,
Pierce,Washington,US,Pierce,Washington,US,,,,,,,
San Juan,Washington,US,San Juan,Washington,US,,,,,,,
Skagit,Washington,US,Skagit,Washington,US,,,,,,,
Skamania,Washington,US,Skamania,Washington,US,,,,,,,
Snohomish,Washington,US,Snohomish,Washington,US,,,,,,,
Spokane,Washington,US,Spokane,Washington,US,,,,,,,
Stevens,Washington,US,Stevens,Washington,US,,,,,,,
Thurston,Washington,US,Thurston,Washington,US,,,,,,,
Wahkiakum,Washington,US,Wahkiakum,Washington,US,,,,,,,
Walla Walla,Washington,US,Walla Walla,Washington,US,,,,,,,
Whatcom,Washington,US,Whatcom,Washington,US,,,,,,,
Whitman,Washington,US,Whitman,Washington,US,,,,,,,
Yakima,Washington,US,Yakima,Washington,US,,,,,,,
Unassigned,Washington,US,Unassigned,Washington,US,,,,,,,
Barbour,West Virginia,US,Barbour,West Virginia,US,,,,,,,
Berkeley,West Virginia,US,Berkeley,West Virginia,US,,,,,,,
Boone,West Virginia,US,Boone,West Virginia,US,,,,,,,
Braxton,West Virginia,US,Braxton,West Virginia,US,,,,,,,
Brooke,West Virginia,US,Brooke,West Virginia,US,,,,,,,
Cabell,West Virginia,US,Cabell,West Virginia,US,,,,,,,
Calhoun,West Virginia,US,Calhoun,West Virginia,US,,,,,,,
Clay,West Virginia,US,Clay,West Virginia,US,,,,,,,
Doddridge,West Virginia,US,Doddridge,West Virginia,US,,,,,,,
Fayette,West Virginia,US,Fayette,West Virginia,US,,,,,,,
Gilmer,West Virginia,US,Gilmer,West Virginia,US,,,,,,,
Grant,West Virginia,US,Grant,West Virginia,US,,,,,,,
Greenbrier,West Virginia,US,Greenbrier,West Virginia,US,,,,,,,
Hampshire,West Virginia,US,Hampshire,West Virginia,US,,,,,,,
Hancock,West Virginia,US,Hancock,West Virginia,US,,,,,,,
Hardy,West Virginia,US,Hardy,West Virginia,US,,,,,,,
Harrison,West Virginia,US,Harrison,West Virginia,US,,,,,,,
Jackson,West Virginia,US,Jackson,West Virginia,US,,,,,,,
Jefferson,West Virginia,US,Jefferson,West Virginia,US,,,,,,,
Kanawha,West Virginia,US,Kanawha,West Virginia,US,,,,,,,
Lewis,West Virginia,US,Lewis,West Virginia,US,,,,,,,
Lincoln,West Virginia,US,Lincoln,West Virginia,US,,,,,,,
Logan,West Virginia,US,Logan,West Virginia,US,,,,,,,
Marion,West Virginia,US,Marion,West Virginia,US,,,,,,,
Marshall,West Virginia,US,Marshall,West Virginia,US,,,,,,,
Mason,West Virginia,US,Mason,West Virginia,US,,,,,,,
McDowell,West Virginia,US,McDowell,West Virginia,US,,,,,,,
Mercer,West Virginia,US,Mercer,West Virginia,US,,,,,,,
Mineral,West Virginia,US,Mineral,West Virginia,US,,,,,,,
Mingo,West Virginia,US,Mingo,West Virginia,US,,,,,,,
Monongalia,West Virginia,US,Monongalia,West Virginia,US,,,,,,,
Monroe,West Virginia,US,Monroe,West Virginia,US,,,,,,,
Morgan,West Virginia,US,Morgan,West Virginia,US,,,,,,,
Nicholas,West Virginia,US,Nicholas,West Virginia,US,,,,,,,
Ohio,West Virginia,US,Ohio,West Virginia,US,,,,,,,
Pendleton,West Virginia,US,Pendleton,West Virginia,US,,,,,,,
Pleasants,West Virginia,US,Pleasants,West Virginia,US,,,,,,,
Pocahontas,West Virginia,US,Pocahontas,West Virginia,US,,,,,,,
Preston,West Virginia,US,Preston,West Virginia,US,,,,,,,
Putnam,West Virginia,US,Putnam,West Virginia,US,,,,,,,
Raleigh,West Virginia,US,Raleigh,West Virginia,US,,,,,,,
Randolph,West Virginia,US,Randolph,West Virginia,US,,,,,,,
Ritchie,West Virginia,US,Ritchie,West Virginia,US,,,,,,,
Roane,West Virginia,US,Roane,West Virginia,US,,,,,,,
Summers,West Virginia,US,Summers,West Virginia,US,,,,,,,
Taylor,West Virginia,US,Taylor,West Virginia,US,,,,,,,
Tucker,West Virginia,US,Tucker,West Virginia,US,,,,,,,
Tyler,West Virginia,US,Tyler,West Virginia,US,,,,,,,
Unassigned,West Virginia,US,Unassigned,West Virginia,US,,,,,,,
Upshur,West Virginia,US,Upshur,West Virginia,US,,,,,,,
Wayne,West Virginia,US,Wayne,West Virginia,US,,,,,,,
Webster,West Virginia,US,Webster,West Virginia,US,,,,,,,
Wetzel,West Virginia,US,Wetzel,West Virginia,US,,,,,,,
Wirt,West Virginia,US,Wirt,West Virginia,US,,,,,,,
Wood,West Virginia,US,Wood,West Virginia,US,,,,,,,
Wyoming,West Virginia,US,Wyoming,West Virginia,US,,,,,,,
Unassigned,Louisiana,US,Unassigned,Louisiana,US,,,,,,,
Unassigned,Alabama,US,Unassigned,Alabama,US,,,,,,,90001
Out of AL,Alabama,US,Out of AL,Alabama,US,,,,,,,80001
,,Greece,,,Greece,,,,,93764,,
,,Switzerland,,,Switzerland,,,,,317600,,
Adams,Wisconsin,US,Adams,Wisconsin,US,,,,,,,
Ashland,Wisconsin,US,Ashland,Wisconsin,US,,,,,,,
Barron,Wisconsin,US,Barron,Wisconsin,US,,,,,,,
Bayfield,Wisconsin,US,Bayfield,Wisconsin,US,,,,,,,
Brown,Wisconsin,US,Brown,Wisconsin,US,,,,,,,
Buffalo,Wisconsin,US,Buffalo,Wisconsin,US,,,,,,,
Burnett,Wisconsin,US,Burnett,Wisconsin,US,,,,,,,
Calumet,Wisconsin,US,Calumet,Wisconsin,US,,,,,,,
Chippewa,Wisconsin,US,Chippewa,Wisconsin,US,,,,,,,
Clark,Wisconsin,US,Clark,Wisconsin,US,,,,,,,
Columbia,Wisconsin,US,Columbia,Wisconsin,US,,,,,,,
Crawford,Wisconsin,US,Crawford,Wisconsin,US,,,,,,,
Dane,Wisconsin,US,Dane,Wisconsin,US,,,,,,,
Dodge,Wisconsin,US,Dodge,Wisconsin,US,,,,,,,
Door,Wisconsin,US,Door,Wisconsin,US,,,,,,,
Douglas,Wisconsin,US,Douglas,Wisconsin,US,,,,,,,
Dunn,Wisconsin,US,Dunn,Wisconsin,US,,,,,,,
Eau Claire,Wisconsin,US,Eau Claire,Wisconsin,US,,,,,,,
Florence,Wisconsin,US,Florence,Wisconsin,US,,,,,,,
Fond du Lac,Wisconsin,US,Fond du Lac,Wisconsin,US,,,,,,,
Forest,Wisconsin,US,Forest,Wisconsin,US,,,,,,,
Grant,Wisconsin,US,Grant,Wisconsin,US,,,,,,,
Green,Wisconsin,US,Green,Wisconsin,US,,,,,,,
Green Lake,Wisconsin,US,Green Lake,Wisconsin,US,,,,,,,
Iowa,Wisconsin,US,Iowa,Wisconsin,US,,,,,,,
Iron,Wisconsin,US,Iron,Wisconsin,US,,,,,,,
Jackson,Wisconsin,US,Jackson,Wisconsin,US,,,,,,,
Jefferson,Wisconsin,US,Jefferson,Wisconsin,US,,,,,,,
Juneau,Wisconsin,US,Juneau,Wisconsin,US,,,,,,,
Kenosha,Wisconsin,US,Kenosha,Wisconsin,US,,,,,,,
Kewaunee,Wisconsin,US,Kewaunee,Wisconsin,US,,,,,,,
La Crosse,Wisconsin,US,La Crosse,Wisconsin,US,,,,,,,
Lafayette,Wisconsin,US,Lafayette,Wisconsin,US,,,,,,,
Langlade,Wisconsin,US,Langlade,Wisconsin,US,,,,,,,
Lincoln,Wisconsin,US,Lincoln,Wisconsin,US,,,,,,,
Manitowoc,Wisconsin,US,Manitowoc,Wisconsin,US,,,,,,,
Marathon,Wisconsin,US,Marathon,Wisconsin,US,,,,,,,
Marinette,Wisconsin,US,Marinette,Wisconsin,US,,,,,,,
Marquette,Wisconsin,US,Marquette,Wisconsin,US,,,,,,,
Menominee,Wisconsin,US,Menominee,Wisconsin,US,,,,,,,
Milwaukee,Wisconsin,US,Milwaukee,Wisconsin,US,,,,,,,
Monroe,Wisconsin,US,Monroe,Wisconsin,US,,,,,,,
Oconto,Wisconsin,US,Oconto,Wisconsin,US,,,,,,,
Oneida,Wisconsin,US,Oneida,Wisconsin,US,,,,,,,
Out of WI,Wisconsin,US,Out of WI,Wisconsin,US,,,,,,,
Outagamie,Wisconsin,US,Outagamie,Wisconsin,US,,,,,,,
Ozaukee,Wisconsin,US,Ozaukee,Wisconsin,US,,,,,,,
Pepin,Wisconsin,US,Pepin,Wisconsin,US,,,,,,,
Pierce,Wisconsin,US,Pierce,Wisconsin,US,,,,,,,
Polk,Wisconsin,US,Polk,Wisconsin,US,,,,,,,
Portage,Wisconsin,US,Portage,Wisconsin,US,,,,,,,
Price,Wisconsin,US,Price,Wisconsin,US,,,,,,,
Racine,Wisconsin,US,Racine,Wisconsin,US,,,,,,,
Richland,Wisconsin,US,Richland,Wisconsin,US,,,,,,,
Rock,Wisconsin,US,Rock,Wisconsin,US,,,,,,,
Rusk,Wisconsin,US,Rusk,Wisconsin,US,,,,,,,
Sauk,Wisconsin,US,Sauk,Wisconsin,US,,,,,,,
Sawyer,Wisconsin,US,Sawyer,Wisconsin,US,,,,,,,
Shawano,Wisconsin,US,Shawano,Wisconsin,US,,,,,,,
Sheboygan,Wisconsin,US,Sheboygan,Wisconsin,US,,,,,,,
St. Croix,Wisconsin,US,St. Croix,Wisconsin,US,,,,,,,
Taylor,Wisconsin,US,Taylor,Wisconsin,US,,,,,,,
Trempealeau,Wisconsin,US,Trempealeau,Wisconsin,US,,,,,,,
Unassigned,Wisconsin,US,Unassigned,Wisconsin,US,,,,,,,
Vernon,Wisconsin,US,Vernon,Wisconsin,US,,,,,,,
Vilas,Wisconsin,US,Vilas,Wisconsin,US,,,,,,,
Walworth,Wisconsin,US,Walworth,Wisconsin,US,,,,,,,
Washburn,Wisconsin,US,Washburn,Wisconsin,US,,,,,,,
Washington,Wisconsin,US,Washington,Wisconsin,US,,,,,,,
Waukesha,Wisconsin,US,Waukesha,Wisconsin,US,,,,,,,
Waupaca,Wisconsin,US,Waupaca,Wisconsin,US,,,,,,,
Waushara,Wisconsin,US,Waushara,Wisconsin,US,,,,,,,
Winnebago,Wisconsin,US,Winnebago,Wisconsin,US,,,,,,,
Wood,Wisconsin,US,Wood,Wisconsin,US,,,,,,,
Unassigned,North Carolina,US,Unassigned,North Carolina,US,,,,,,,
Allen,Kansas,US,Allen,Kansas,US,,,,,,,
Anderson,Kansas,US,Anderson,Kansas,US,,,,,,,
Atchison,Kansas,US,Atchison,Kansas,US,,,,,,,
Barber,Kansas,US,Barber,Kansas,US,,,,,,,
Barton,Kansas,US,Barton,Kansas,US,,,,,,,
Bourbon,Kansas,US,Bourbon,Kansas,US,,,,,,,
Brown,Kansas,US,Brown,Kansas,US,,,,,,,
Butler,Kansas,US,Butler,Kansas,US,,,,,,,
Chase,Kansas,US,Chase,Kansas,US,,,,,,,
Chautauqua,Kansas,US,Chautauqua,Kansas,US,,,,,,,
Cherokee,Kansas,US,Cherokee,Kansas,US,,,,,,,
Cheyenne,Kansas,US,Cheyenne,Kansas,US,,,,,,,
Clark,Kansas,US,Clark,Kansas,US,,,,,,,
Clay,Kansas,US,Clay,Kansas,US,,,,,,,
Cloud,Kansas,US,Cloud,Kansas,US,,,,,,,
Coffey,Kansas,US,Coffey,Kansas,US,,,,,,,
Comanche,Kansas,US,Comanche,Kansas,US,,,,,,,
Cowley,Kansas,US,Cowley,Kansas,US,,,,,,,
Crawford,Kansas,US,Crawford,Kansas,US,,,,,,,
Decatur,Kansas,US,Decatur,Kansas,US,,,,,,,
Dickinson,Kansas,US,Dickinson,Kansas,US,,,,,,,
Doniphan,Kansas,US,Doniphan,Kansas,US,,,,,,,
Douglas,Kansas,US,Douglas,Kansas,US,,,,,,,
Edwards,Kansas,US,Edwards,Kansas,US,,,,,,,
Elk,Kansas,US,Elk,Kansas,US,,,,,,,
Ellis,Kansas,US,Ellis,Kansas,US,,,,,,,
Ellsworth,Kansas,US,Ellsworth,Kansas,US,,,,,,,
Finney,Kansas,US,Finney,Kansas,US,,,,,,,
Ford,Kansas,US,Ford,Kansas,US,,,,,,,
Franklin,Kansas,US,Franklin,Kansas,US,,,,,,,
Geary,Kansas,US,Geary,Kansas,US,,,,,,,
Gove,Kansas,US,Gove,Kansas,US,,,,,,,
Graham,Kansas,US,Graham,Kansas,US,,,,,,,
Grant,Kansas,US,Grant,Kansas,US,,,,,,,
Gray,Kansas,US,Gray,Kansas,US,,,,,,,
Greeley,Kansas,US,Greeley,Kansas,US,,,,,,,
Greenwood,Kansas,US,Greenwood,Kansas,US,,,,,,,
Hamilton,Kansas,US,Hamilton,Kansas,US,,,,,,,
Harper,Kansas,US,Harper,Kansas,US,,,,,,,
Harvey,Kansas,US,Harvey,Kansas,US,,,,,,,
Haskell,Kansas,US,Haskell,Kansas,US,,,,,,,
Hodgeman,Kansas,US,Hodgeman,Kansas,US,,,,,,,
Jackson,Kansas,US,Jackson,Kansas,US,,,,,,,
Jefferson,Kansas,US,Jefferson,Kansas,US,,,,,,,
Jewell,Kansas,US,Jewell,Kansas,US,,,,,,,
Johnson,Kansas,US,Johnson,Kansas,US,,,,,,,
Kearny,Kansas,US,Kearny,Kansas,US,,,,,,,
Kingman,Kansas,US,Kingman,Kansas,US,,,,,,,
Kiowa,Kansas,US,Kiowa,Kansas,US,,,,,,,
Labette,Kansas,US,Labette,Kansas,US,,,,,,,
Lane,Kansas,US,Lane,Kansas,US,,,,,,,
Leavenworth,Kansas,US,Leavenworth,Kansas,US,,,,,,,
Lincoln,Kansas,US,Lincoln,Kansas,US,,,,,,,
Linn,Kansas,US,Linn,Kansas,US,,,,,,,
Logan,Kansas,US,Logan,Kansas,US,,,,,,,
Lyon,Kansas,US,Lyon,Kansas,US,,,,,,,
Marion,Kansas,US,Marion,Kansas,US,,,,,,,
Marshall,Kansas,US,Marshall,Kansas,US,,,,,,,
McPherson,Kansas,US,McPherson,Kansas,US,,,,,,,
Meade,Kansas,US,Meade,Kansas,US,,,,,,,
Miami,Kansas,US,Miami,Kansas,US,,,,,,,
Mitchell,Kansas,US,Mitchell,Kansas,US,,,,,,,
Montgomery,Kansas,US,Montgomery,Kansas,US,,,,,,,
Morris,Kansas,US,Morris,Kansas,US,,,,,,,
Morton,Kansas,US,Morton,Kansas,US,,,,,,,
Nemaha,Kansas,US,Nemaha,Kansas,US,,,,,,,
Neosho,Kansas,US,Neosho,Kansas,US,,,,,,,
Ness,Kansas,US,Ness,Kansas,US,,,,,,,
Norton,Kansas,US,Norton,Kansas,US,,,,,,,
Osage,Kansas,US,Osage,Kansas,US,,,,,,,
Osborne,Kansas,US,Osborne,Kansas,US,,,,,,,
Ottawa,Kansas,US,Ottawa,Kansas,US,,,,,,,
Out of KS,Kansas,US,Out of KS,Kansas,US,,,,,,,
Pawnee,Kansas,US,Pawnee,Kansas,US,,,,,,,
Phillips,Kansas,US,Phillips,Kansas,US,,,,,,,
Pottawatomie,Kansas,US,Pottawatomie,Kansas,US,,,,,,,
Pratt,Kansas,US,Pratt,Kansas,US,,,,,,,
Rawlins,Kansas,US,Rawlins,Kansas,US,,,,,,,
Reno,Kansas,US,Reno,Kansas,US,,,,,,,
Republic,Kansas,US,Republic,Kansas,US,,,,,,,
Rice,Kansas,US,Rice,Kansas,US,,,,,,,
Riley,Kansas,US,Riley,Kansas,US,,,,,,,
Rooks,Kansas,US,Rooks,Kansas,US,,,,,,,
Rush,Kansas,US,Rush,Kansas,US,,,,,,,
Russell,Kansas,US,Russell,Kansas,US,,,,,,,
Saline,Kansas,US,Saline,Kansas,US,,,,,,,
Scott,Kansas,US,Scott,Kansas,US,,,,,,,
Sedgwick,Kansas,US,Sedgwick,Kansas,US,,,,,,,
Seward,Kansas,US,Seward,Kansas,US,,,,,,,
Shawnee,Kansas,US,Shawnee,Kansas,US,,,,,,,
Sheridan,Kansas,US,Sheridan,Kansas,US,,,,,,,
Sherman,Kansas,US,Sherman,Kansas,US,,,,,,,
Smith,Kansas,US,Smith,Kansas,US,,,,,,,
Stafford,Kansas,US,Stafford,Kansas,US,,,,,,,
Stanton,Kansas,US,Stanton,Kansas,US,,,,,,,
Stevens,Kansas,US,Stevens,Kansas,US,,,,,,,
Sumner,Kansas,US,Sumner,Kansas,US,,,,,,,
Thomas,Kansas,US,Thomas,Kansas,US,,,,,,,
Trego,Kansas,US,Trego,Kansas,US,,,,,,,
Unassigned,Kansas,US,Unassigned,Kansas,US,,,,,,,
Wabaunsee,Kansas,US,Wabaunsee,Kansas,US,,,,,,,
Wallace,Kansas,US,Wallace,Kansas,US,,,,,,,
Washington,Kansas,US,Washington,Kansas,US,,,,,,,
Wichita,Kansas,US,Wichita,Kansas,US,,,,,,,
Wilson,Kansas,US,Wilson,Kansas,US,,,,,,,
Woodson,Kansas,US,Woodson,Kansas,US,,,,,,,
Wyandotte,Kansas,US,Wyandotte,Kansas,US,,,,,,,
Unassigned,Massachusetts,US,Unassigned,Massachusetts,US,,,,,,,
Hawaii,Hawaii,US,Hawaii,Hawaii,US,,,,,,,
Honolulu,Hawaii,US,Honolulu,Hawaii,US,,,,,,,
Kalawao,Hawaii,US,Kalawao,Hawaii,US,,,,,,,
Kauai,Hawaii,US,Kauai,Hawaii,US,,,,,,,
Maui,Hawaii,US,Maui,Hawaii,US,,,,,,,
Out of HI,Hawaii,US,Out of HI,Hawaii,US,,,,,,,
Unassigned,Hawaii,US,Unassigned,Hawaii,US,,,,,,,
Adams,North Dakota,US,Adams,North Dakota,US,,,,,,,
Barnes,North Dakota,US,Barnes,North Dakota,US,,,,,,,
Benson,North Dakota,US,Benson,North Dakota,US,,,,,,,
Billings,North Dakota,US,Billings,North Dakota,US,,,,,,,
Bottineau,North Dakota,US,Bottineau,North Dakota,US,,,,,,,
Bowman,North Dakota,US,Bowman,North Dakota,US,,,,,,,
Burke,North Dakota,US,Burke,North Dakota,US,,,,,,,
Burleigh,North Dakota,US,Burleigh,North Dakota,US,,,,,,,
Cass,North Dakota,US,Cass,North Dakota,US,,,,,,,
Cavalier,North Dakota,US,Cavalier,North Dakota,US,,,,,,,
Dickey,North Dakota,US,Dickey,North Dakota,US,,,,,,,
Divide,North Dakota,US,Divide,North Dakota,US,,,,,,,
Dunn,North Dakota,US,Dunn,North Dakota,US,,,,,,,
Eddy,North Dakota,US,Eddy,North Dakota,US,,,,,,,
Emmons,North Dakota,US,Emmons,North Dakota,US,,,,,,,
Foster,North Dakota,US,Foster,North Dakota,US,,,,,,,
Golden Valley,North Dakota,US,Golden Valley,North Dakota,US,,,,,,,
Grand Forks,North Dakota,US,Grand Forks,North Dakota,US,,,,,,,
Grant,North Dakota,US,Grant,North Dakota,US,,,,,,,
Griggs,North Dakota,US,Griggs,North Dakota,US,,,,,,,
Hettinger,North Dakota,US,Hettinger,North Dakota,US,,,,,,,
Kidder,North Dakota,US,Kidder,North Dakota,US,,,,,,,
LaMoure,North Dakota,US,LaMoure,North Dakota,US,,,,,,,
Logan,North Dakota,US,Logan,North Dakota,US,,,,,,,
McHenry,North Dakota,US,McHenry,North Dakota,US,,,,,,,
McIntosh,North Dakota,US,McIntosh,North Dakota,US,,,,,,,
McKenzie,North Dakota,US,McKenzie,North Dakota,US,,,,,,,
McLean,North Dakota,US,McLean,North Dakota,US,,,,,,,
Mercer,North Dakota,US,Mercer,North Dakota,US,,,,,,,
Morton,North Dakota,US,Morton,North Dakota,US,,,,,,,
Mountrail,North Dakota,US,Mountrail,North Dakota,US,,,,,,,
Nelson,North Dakota,US,Nelson,North Dakota,US,,,,,,,
Oliver,North Dakota,US,Oliver,North Dakota,US,,,,,,,
Pembina,North Dakota,US,Pembina,North Dakota,US,,,,,,,
Pierce,North Dakota,US,Pierce,North Dakota,US,,,,,,,
Ramsey,North Dakota,US,Ramsey,North Dakota,US,,,,,,,
Ransom,North Dakota,US,Ransom,North Dakota,US,,,,,,,
Renville,North Dakota,US,Renville,North Dakota,US,,,,,,,
Richland,North Dakota,US,Richland,North Dakota,US,,,,,,,
Rolette,North Dakota,US,Rolette,North Dakota,US,,,,,,,
Sargent,North Dakota,US,Sargent,North Dakota,US,,,,,,,
Sheridan,North Dakota,US,Sheridan,North Dakota,US,,,,,,,
Sioux,North Dakota,US,Sioux,North Dakota,US,,,,,,,
Slope,North Dakota,US,Slope,North Dakota,US,,,,,,,
Stark,North Dakota,US,Stark,North Dakota,US,,,,,,,
Steele,North Dakota,US,Steele,North Dakota,US,,,,,,,
Stutsman,North Dakota,US,Stutsman,North Dakota,US,,,,,,,
Towner,North Dakota,US,Towner,North Dakota,US,,,,,,,
Traill,North Dakota,US,Traill,North Dakota,US,,,,,,,
Walsh,North Dakota,US,Walsh,North Dakota,US,,,,,,,
Ward,North Dakota,US,Ward,North Dakota,US,,,,,,,
Wells,North Dakota,US,Wells,North Dakota,US,,,,,,,
Williams,North Dakota,US,Williams,North Dakota,US,,,,,,,
Lander,Nevada,US,Lander,Nevada,US,,,,,,,
Eureka,Nevada,US,Eureka,Nevada,US,,,,,,,
Alcona,Michigan,US,Alcona,Michigan,US,,,,,,,
Alger,Michigan,US,Alger,Michigan,US,,,,,,,
Allegan,Michigan,US,Allegan,Michigan,US,,,,,,,
Alpena,Michigan,US,Alpena,Michigan,US,,,,,,,
Antrim,Michigan,US,Antrim,Michigan,US,,,,,,,
Arenac,Michigan,US,Arenac,Michigan,US,,,,,,,
Baraga,Michigan,US,Baraga,Michigan,US,,,,,,,
Barry,Michigan,US,Barry,Michigan,US,,,,,,,
Bay,Michigan,US,Bay,Michigan,US,,,,,,,
Benzie,Michigan,US,Benzie,Michigan,US,,,,,,,
Berrien,Michigan,US,Berrien,Michigan,US,,,,,,,
Branch,Michigan,US,Branch,Michigan,US,,,,,,,
Calhoun,Michigan,US,Calhoun,Michigan,US,,,,,,,
Cass,Michigan,US,Cass,Michigan,US,,,,,,,
Charlevoix,Michigan,US,Charlevoix,Michigan,US,,,,,,,
Cheboygan,Michigan,US,Cheboygan,Michigan,US,,,,,,,
Chippewa,Michigan,US,Chippewa,Michigan,US,,,,,,,
Clare,Michigan,US,Clare,Michigan,US,,,,,,,
Clinton,Michigan,US,Clinton,Michigan,US,,,,,,,
Crawford,Michigan,US,Crawford,Michigan,US,,,,,,,
Delta,Michigan,US,Delta,Michigan,US,,,,,,,
Dickinson,Michigan,US,Dickinson,Michigan,US,,,,,,,
Eaton,Michigan,US,Eaton,Michigan,US,,,,,,,
Emmet,Michigan,US,Emmet,Michigan,US,,,,,,,
Federal Correctional Institution (FCI),Michigan,US,Federal Correctional Institution (FCI),Michigan,US,,,,,,,
Genesee,Michigan,US,Genesee,Michigan,US,,,,,,,
Gladwin,Michigan,US,Gladwin,Michigan,US,,,,,,,
Gogebic,Michigan,US,Gogebic,Michigan,US,,,,,,,
Grand Traverse,Michigan,US,Grand Traverse,Michigan,US,,,,,,,
Gratiot,Michigan,US,Gratiot,Michigan,US,,,,,,,
Hillsdale,Michigan,US,Hillsdale,Michigan,US,,,,,,,
Houghton,Michigan,US,Houghton,Michigan,US,,,,,,,
Huron,Michigan,US,Huron,Michigan,US,,,,,,,
Ingham,Michigan,US,Ingham,Michigan,US,,,,,,,
Ionia,Michigan,US,Ionia,Michigan,US,,,,,,,
Iosco,Michigan,US,Iosco,Michigan,US,,,,,,,
Iron,Michigan,US,Iron,Michigan,US,,,,,,,
Isabella,Michigan,US,Isabella,Michigan,US,,,,,,,
Jackson,Michigan,US,Jackson,Michigan,US,,,,,,,
Kalamazoo,Michigan,US,Kalamazoo,Michigan,US,,,,,,,
Kalkaska,Michigan,US,Kalkaska,Michigan,US,,,,,,,
Kent,Michigan,US,Kent,Michigan,US,,,,,,,
Keweenaw,Michigan,US,Keweenaw,Michigan,US,,,,,,,
Lake,Michigan,US,Lake,Michigan,US,,,,,,,
Lapeer,Michigan,US,Lapeer,Michigan,US,,,,,,,
Leelanau,Michigan,US,Leelanau,Michigan,US,,,,,,,
Lenawee,Michigan,US,Lenawee,Michigan,US,,,,,,,
Livingston,Michigan,US,Livingston,Michigan,US,,,,,,,
Luce,Michigan,US,Luce,Michigan,US,,,,,,,
Mackinac,Michigan,US,Mackinac,Michigan,US,,,,,,,
Macomb,Michigan,US,Macomb,Michigan,US,,,,,,,
Manistee,Michigan,US,Manistee,Michigan,US,,,,,,,
Marquette,Michigan,US,Marquette,Michigan,US,,,,,,,
Mason,Michigan,US,Mason,Michigan,US,,,,,,,
Mecosta,Michigan,US,Mecosta,Michigan,US,,,,,,,
Menominee,Michigan,US,Menominee,Michigan,US,,,,,,,
Michigan Department of Corrections (MDOC),Michigan,US,Michigan Department of Corrections (MDOC),Michigan,US,,,,,,,
Midland,Michigan,US,Midland,Michigan,US,,,,,,,
Missaukee,Michigan,US,Missaukee,Michigan,US,,,,,,,
Monroe,Michigan,US,Monroe,Michigan,US,,,,,,,
Montcalm,Michigan,US,Montcalm,Michigan,US,,,,,,,
Montmorency,Michigan,US,Montmorency,Michigan,US,,,,,,,
Muskegon,Michigan,US,Muskegon,Michigan,US,,,,,,,
Newaygo,Michigan,US,Newaygo,Michigan,US,,,,,,,
Oakland,Michigan,US,Oakland,Michigan,US,,,,,,,
Oceana,Michigan,US,Oceana,Michigan,US,,,,,,,
Ogemaw,Michigan,US,Ogemaw,Michigan,US,,,,,,,
Ontonagon,Michigan,US,Ontonagon,Michigan,US,,,,,,,
Osceola,Michigan,US,Osceola,Michigan,US,,,,,,,
Oscoda,Michigan,US,Oscoda,Michigan,US,,,,,,,
Otsego,Michigan,US,Otsego,Michigan,US,,,,,,,
Ottawa,Michigan,US,Ottawa,Michigan,US,,,,,,,
Out of MI,Michigan,US,Out of MI,Michigan,US,,,,,,,
Presque Isle,Michigan,US,Presque Isle,Michigan,US,,,,,,,
Roscommon,Michigan,US,Roscommon,Michigan,US,,,,,,,
Saginaw,Michigan,US,Saginaw,Michigan,US,,,,,,,
Sanilac,Michigan,US,Sanilac,Michigan,US,,,,,,,
Schoolcraft,Michigan,US,Schoolcraft,Michigan,US,,,,,,,
Shiawassee,Michigan,US,Shiawassee,Michigan,US,,,,,,,
St. Clair,Michigan,US,St. Clair,Michigan,US,,,,,,,
St. Joseph,Michigan,US,St. Joseph,Michigan,US,,,,,,,
Tuscola,Michigan,US,Tuscola,Michigan,US,,,,,,,
Unassigned,Michigan,US,Unassigned,Michigan,US,,,,,,,
Van Buren,Michigan,US,Van Buren,Michigan,US,,,,,,,
Washtenaw,Michigan,US,Washtenaw,Michigan,US,,,,,,,
Wayne,Michigan,US,Wayne,Michigan,US,,,,,,,
Wexford,Michigan,US,Wexford,Michigan,US,,,,,,,
Unassigned,Puerto Rico,US,Unassigned,Puerto Rico,US,,,,,,,
St. Louis City,Missouri,US,St. Louis City,Missouri,US,,,,,,,
Albany,New York,US,Albany,New York,US,,,,,,,
Allegany,New York,US,Allegany,New York,US,,,,,,,
Bronx,New York,US,Bronx,New York,US,,,,,,,
Broome,New York,US,Broome,New York,US,,,,,,,
Cattaraugus,New York,US,Cattaraugus,New York,US,,,,,,,
Cayuga,New York,US,Cayuga,New York,US,,,,,,,
Chautauqua,New York,US,Chautauqua,New York,US,,,,,,,
Chemung,New York,US,Chemung,New York,US,,,,,,,
Chenango,New York,US,Chenango,New York,US,,,,,,,
Clinton,New York,US,Clinton,New York,US,,,,,,,
Columbia,New York,US,Columbia,New York,US,,,,,,,
Cortland,New York,US,Cortland,New York,US,,,,,,,
Delaware,New York,US,Delaware,New York,US,,,,,,,
Dutchess,New York,US,Dutchess,New York,US,,,,,,,
Erie,New York,US,Erie,New York,US,,,,,,,
Essex,New York,US,Essex,New York,US,,,,,,,
Franklin,New York,US,Franklin,New York,US,,,,,,,
Fulton,New York,US,Fulton,New York,US,,,,,,,
Genesee,New York,US,Genesee,New York,US,,,,,,,
Greene,New York,US,Greene,New York,US,,,,,,,
Hamilton,New York,US,Hamilton,New York,US,,,,,,,
Herkimer,New York,US,Herkimer,New York,US,,,,,,,
Jefferson,New York,US,Jefferson,New York,US,,,,,,,
Kings,New York,US,Kings,New York,US,,,,,,,
Lewis,New York,US,Lewis,New York,US,,,,,,,
Livingston,New York,US,Livingston,New York,US,,,,,,,
Madison,New York,US,Madison,New York,US,,,,,,,
Monroe,New York,US,Monroe,New York,US,,,,,,,
Montgomery,New York,US,Montgomery,New York,US,,,,,,,
Nassau,New York,US,Nassau,New York,US,,,,,,,
New York,New York,US,New York,New York,US,,,,,,,
Niagara,New York,US,Niagara,New York,US,,,,,,,
Oneida,New York,US,Oneida,New York,US,,,,,,,
Onondaga,New York,US,Onondaga,New York,US,,,,,,,
Ontario,New York,US,Ontario,New York,US,,,,,,,
Orange,New York,US,Orange,New York,US,,,,,,,
Orleans,New York,US,Orleans,New York,US,,,,,,,
Oswego,New York,US,Oswego,New York,US,,,,,,,
Otsego,New York,US,Otsego,New York,US,,,,,,,
Out of NY,New York,US,Out of NY,New York,US,,,,,,,
Putnam,New York,US,Putnam,New York,US,,,,,,,
Queens,New York,US,Queens,New York,US,,,,,,,
Rensselaer,New York,US,Rensselaer,New York,US,,,,,,,
Richmond,New York,US,Richmond,New York,US,,,,,,,
Rockland,New York,US,Rockland,New York,US,,,,,,,
Saratoga,New York,US,Saratoga,New York,US,,,,,,,
Schenectady,New York,US,Schenectady,New York,US,,,,,,,
Schoharie,New York,US,Schoharie,New York,US,,,,,,,
Schuyler,New York,US,Schuyler,New York,US,,,,,,,
Seneca,New York,US,Seneca,New York,US,,,,,,,
St. Lawrence,New York,US,St. Lawrence,New York,US,,,,,,,
Steuben,New York,US,Steuben,New York,US,,,,,,,
Suffolk,New York,US,Suffolk,New York,US,,,,,,,
Sullivan,New York,US,Sullivan,New York,US,,,,,,,
Tioga,New York,US,Tioga,New York,US,,,,,,,
Tompkins,New York,US,Tompkins,New York,US,,,,,,,
Ulster,New York,US,Ulster,New York,US,,,,,,,
Unassigned,New York,US,Unassigned,New York,US,,,,,,,
Warren,New York,US,Warren,New York,US,,,,,,,
Washington,New York,US,Washington,New York,US,,,,,,,
Wayne,New York,US,Wayne,New York,US,,,,,,,
Westchester,New York,US,Westchester,New York,US,,,,,,,
Wyoming,New York,US,Wyoming,New York,US,,,,,,,
Yates,New York,US,Yates,New York,US,,,,,,,
,,Norway,,,Norway,,,,,17998,,
,Ciudad de Mexico,Mexico,,Ciudad de Mexico,Mexico,,,,,,,
,Mexico,Mexico,,Mexico,Mexico,,,,,,,
,Nuevo Leon,Mexico,,Nuevo Leon,Mexico,,,,,,,
,Guanajuato,Mexico,,Guanajuato,Mexico,,,,,,,
,Sonora,Mexico,,Sonora,Mexico,,,,,,,
,Coahuila,Mexico,,Coahuila,Mexico,,,,,,,
,Jalisco,Mexico,,Jalisco,Mexico,,,,,,,
,Veracruz,Mexico,,Veracruz,Mexico,,,,,,,
,Puebla,Mexico,,Puebla,Mexico,,,,,,,
,Tabasco,Mexico,,Tabasco,Mexico,,,,,,,
,Tamaulipas,Mexico,,Tamaulipas,Mexico,,,,,,,
,San Luis Potosi,Mexico,,San Luis Potosi,Mexico,,,,,,,
,Chihuahua,Mexico,,Chihuahua,Mexico,,,,,,,
,Michoacan,Mexico,,Michoacan,Mexico,,,,,,,
,Baja California,Mexico,,Baja California,Mexico,,,,,,,
,Sinaloa,Mexico,,Sinaloa,Mexico,,,,,,,
,Oaxaca,Mexico,,Oaxaca,Mexico,,,,,,,
,Guerrero,Mexico,,Guerrero,Mexico,,,,,,,
,Yucatan,Mexico,,Yucatan,Mexico,,,,,,,
,Queretaro,Mexico,,Queretaro,Mexico,,,,,,,
,Durango,Mexico,,Durango,Mexico,,,,,,,
,Hidalgo,Mexico,,Hidalgo,Mexico,,,,,,,
,Zacatecas,Mexico,,Zacatecas,Mexico,,,,,,,
,Quintana Roo,Mexico,,Quintana Roo,Mexico,,,,,,,
,Baja California Sur,Mexico,,Baja California Sur,Mexico,,,,,,,
,Aguascalientes,Mexico,,Aguascalientes,Mexico,,,,,,,
,Tlaxcala,Mexico,,Tlaxcala,Mexico,,,,,,,
,Morelos,Mexico,,Morelos,Mexico,,,,,,,
,Chiapas,Mexico,,Chiapas,Mexico,,,,,,,
,Nayarit,Mexico,,Nayarit,Mexico,,,,,,,
,Colima,Mexico,,Colima,Mexico,,,,,,,
,Campeche,Mexico,,Campeche,Mexico,,,,,,,
,Unknown,Mexico,,Unknown,Mexico,,,,,,,
,Virgin Islands,US,,Virgin Islands,US,,,,,,,
Androscoggin,Maine,US,Androscoggin,Maine,US,,,,,,,
Aroostook,Maine,US,Aroostook,Maine,US,,,,,,,
Cumberland,Maine,US,Cumberland,Maine,US,,,,,,,
Franklin,Maine,US,Franklin,Maine,US,,,,,,,
Hancock,Maine,US,Hancock,Maine,US,,,,,,,
Kennebec,Maine,US,Kennebec,Maine,US,,,,,,,
Knox,Maine,US,Knox,Maine,US,,,,,,,
Lincoln,Maine,US,Lincoln,Maine,US,,,,,,,
Out of ME,Maine,US,Out of ME,Maine,US,,,,,,,
Oxford,Maine,US,Oxford,Maine,US,,,,,,,
Penobscot,Maine,US,Penobscot,Maine,US,,,,,,,
Piscataquis,Maine,US,Piscataquis,Maine,US,,,,,,,
Sagadahoc,Maine,US,Sagadahoc,Maine,US,,,,,,,
Somerset,Maine,US,Somerset,Maine,US,,,,,,,
Unassigned,Maine,US,Unassigned,Maine,US,,,,,,,
Waldo,Maine,US,Waldo,Maine,US,,,,,,,
Washington,Maine,US,Washington,Maine,US,,,,,,,
York,Maine,US,York,Maine,US,,,,,,,
Anderson,Tennessee,US,Anderson,Tennessee,US,,,,,,,
Bedford,Tennessee,US,Bedford,Tennessee,US,,,,,,,
Benton,Tennessee,US,Benton,Tennessee,US,,,,,,,
Bledsoe,Tennessee,US,Bledsoe,Tennessee,US,,,,,,,
Blount,Tennessee,US,Blount,Tennessee,US,,,,,,,
Bradley,Tennessee,US,Bradley,Tennessee,US,,,,,,,
Campbell,Tennessee,US,Campbell,Tennessee,US,,,,,,,
Cannon,Tennessee,US,Cannon,Tennessee,US,,,,,,,
Carroll,Tennessee,US,Carroll,Tennessee,US,,,,,,,
Carter,Tennessee,US,Carter,Tennessee,US,,,,,,,
Cheatham,Tennessee,US,Cheatham,Tennessee,US,,,,,,,
Chester,Tennessee,US,Chester,Tennessee,US,,,,,,,
Claiborne,Tennessee,US,Claiborne,Tennessee,US,,,,,,,
Clay,Tennessee,US,Clay,Tennessee,US,,,,,,,
Cocke,Tennessee,US,Cocke,Tennessee,US,,,,,,,
Coffee,Tennessee,US,Coffee,Tennessee,US,,,,,,,
Crockett,Tennessee,US,Crockett,Tennessee,US,,,,,,,
Cumberland,Tennessee,US,Cumberland,Tennessee,US,,,,,,,
Davidson,Tennessee,US,Davidson,Tennessee,US,,,,,,,
DeKalb,Tennessee,US,DeKalb,Tennessee,US,,,,,,,
Decatur,Tennessee,US,Decatur,Tennessee,US,,,,,,,
Dickson,Tennessee,US,Dickson,Tennessee,US,,,,,,,
Dyer,Tennessee,US,Dyer,Tennessee,US,,,,,,,
Fayette,Tennessee,US,Fayette,Tennessee,US,,,,,,,
Fentress,Tennessee,US,Fentress,Tennessee,US,,,,,,,
Franklin,Tennessee,US,Franklin,Tennessee,US,,,,,,,
Gibson,Tennessee,US,Gibson,Tennessee,US,,,,,,,
Giles,Tennessee,US,Giles,Tennessee,US,,,,,,,
Grainger,Tennessee,US,Grainger,Tennessee,US,,,,,,,
Greene,Tennessee,US,Greene,Tennessee,US,,,,,,,
Grundy,Tennessee,US,Grundy,Tennessee,US,,,,,,,
Hamblen,Tennessee,US,Hamblen,Tennessee,US,,,,,,,
Hamilton,Tennessee,US,Hamilton,Tennessee,US,,,,,,,
Hancock,Tennessee,US,Hancock,Tennessee,US,,,,,,,
Hardeman,Tennessee,US,Hardeman,Tennessee,US,,,,,,,
Hardin,Tennessee,US,Hardin,Tennessee,US,,,,,,,
Hawkins,Tennessee,US,Hawkins,Tennessee,US,,,,,,,
Haywood,Tennessee,US,Haywood,Tennessee,US,,,,,,,
Henderson,Tennessee,US,Henderson,Tennessee,US,,,,,,,
Henry,Tennessee,US,Henry,Tennessee,US,,,,,,,
Hickman,Tennessee,US,Hickman,Tennessee,US,,,,,,,
Houston,Tennessee,US,Houston,Tennessee,US,,,,,,,
Humphreys,Tennessee,US,Humphreys,Tennessee,US,,,,,,,
Jackson,Tennessee,US,Jackson,Tennessee,US,,,,,,,
Jefferson,Tennessee,US,Jefferson,Tennessee,US,,,,,,,
Johnson,Tennessee,US,Johnson,Tennessee,US,,,,,,,
Knox,Tennessee,US,Knox,Tennessee,US,,,,,,,
Lake,Tennessee,US,Lake,Tennessee,US,,,,,,,
Lauderdale,Tennessee,US,Lauderdale,Tennessee,US,,,,,,,
Lawrence,Tennessee,US,Lawrence,Tennessee,US,,,,,,,
Lewis,Tennessee,US,Lewis,Tennessee,US,,,,,,,
Lincoln,Tennessee,US,Lincoln,Tennessee,US,,,,,,,
Loudon,Tennessee,US,Loudon,Tennessee,US,,,,,,,
Macon,Tennessee,US,Macon,Tennessee,US,,,,,,,
Madison,Tennessee,US,Madison,Tennessee,US,,,,,,,
Marion,Tennessee,US,Marion,Tennessee,US,,,,,,,
Marshall,Tennessee,US,Marshall,Tennessee,US,,,,,,,
Maury,Tennessee,US,Maury,Tennessee,US,,,,,,,
McMinn,Tennessee,US,McMinn,Tennessee,US,,,,,,,
McNairy,Tennessee,US,McNairy,Tennessee,US,,,,,,,
Meigs,Tennessee,US,Meigs,Tennessee,US,,,,,,,
Monroe,Tennessee,US,Monroe,Tennessee,US,,,,,,,
Montgomery,Tennessee,US,Montgomery,Tennessee,US,,,,,,,
Moore,Tennessee,US,Moore,Tennessee,US,,,,,,,
Morgan,Tennessee,US,Morgan,Tennessee,US,,,,,,,
Obion,Tennessee,US,Obion,Tennessee,US,,,,,,,
Out of TN,Tennessee,US,Out of TN,Tennessee,US,,,,,,,
Overton,Tennessee,US,Overton,Tennessee,US,,,,,,,
Perry,Tennessee,US,Perry,Tennessee,US,,,,,,,
Pickett,Tennessee,US,Pickett,Tennessee,US,,,,,,,
Polk,Tennessee,US,Polk,Tennessee,US,,,,,,,
Putnam,Tennessee,US,Putnam,Tennessee,US,,,,,,,
Rhea,Tennessee,US,Rhea,Tennessee,US,,,,,,,
Roane,Tennessee,US,Roane,Tennessee,US,,,,,,,
Robertson,Tennessee,US,Robertson,Tennessee,US,,,,,,,
Rutherford,Tennessee,US,Rutherford,Tennessee,US,,,,,,,
Scott,Tennessee,US,Scott,Tennessee,US,,,,,,,
Sequatchie,Tennessee,US,Sequatchie,Tennessee,US,,,,,,,
Sevier,Tennessee,US,Sevier,Tennessee,US,,,,,,,
Shelby,Tennessee,US,Shelby,Tennessee,US,,,,,,,
Smith,Tennessee,US,Smith,Tennessee,US,,,,,,,
Stewart,Tennessee,US,Stewart,Tennessee,US,,,,,,,
Sullivan,Tennessee,US,Sullivan,Tennessee,US,,,,,,,
Sumner,Tennessee,US,Sumner,Tennessee,US,,,,,,,
Tipton,Tennessee,US,Tipton,Tennessee,US,,,,,,,
Trousdale,Tennessee,US,Trousdale,Tennessee,US,,,,,,,
Unassigned,Tennessee,US,Unassigned,Tennessee,US,,,,,,,
Unicoi,Tennessee,US,Unicoi,Tennessee,US,,,,,,,
Union,Tennessee,US,Union,Tennessee,US,,,,,,,
Van Buren,Tennessee,US,Van Buren,Tennessee,US,,,,,,,
Warren,Tennessee,US,Warren,Tennessee,US,,,,,,,
Washington,Tennessee,US,Washington,Tennessee,US,,,,,,,
Wayne,Tennessee,US,Wayne,Tennessee,US,,,,,,,
Weakley,Tennessee,US,Weakley,Tennessee,US,,,,,,,
White,Tennessee,US,White,Tennessee,US,,,,,,,
Williamson,Tennessee,US,Williamson,Tennessee,US,,,,,,,
Wilson,Tennessee,US,Wilson,Tennessee,US,,,,,,,
Autauga,Alabama,US,Autauga,Alabama,US,,,,,,,
Baldwin,Alabama,US,Baldwin,Alabama,US,,,,,,,
Barbour,Alabama,US,Barbour,Alabama,US,,,,,,,
Bibb,Alabama,US,Bibb,Alabama,US,,,,,,,
Blount,Alabama,US,Blount,Alabama,US,,,,,,,
Bullock,Alabama,US,Bullock,Alabama,US,,,,,,,
Butler,Alabama,US,Butler,Alabama,US,,,,,,,
Calhoun,Alabama,US,Calhoun,Alabama,US,,,,,,,
Chambers,Alabama,US,Chambers,Alabama,US,,,,,,,
Cherokee,Alabama,US,Cherokee,Alabama,US,,,,,,,
Chilton,Alabama,US,Chilton,Alabama,US,,,,,,,
Choctaw,Alabama,US,Choctaw,Alabama,US,,,,,,,
Clarke,Alabama,US,Clarke,Alabama,US,,,,,,,
Clay,Alabama,US,Clay,Alabama,US,,,,,,,
Cleburne,Alabama,US,Cleburne,Alabama,US,,,,,,,
Coffee,Alabama,US,Coffee,Alabama,US,,,,,,,
Colbert,Alabama,US,Colbert,Alabama,US,,,,,,,
Conecuh,Alabama,US,Conecuh,Alabama,US,,,,,,,
Coosa,Alabama,US,Coosa,Alabama,US,,,,,,,
Covington,Alabama,US,Covington,Alabama,US,,,,,,,
Crenshaw,Alabama,US,Crenshaw,Alabama,US,,,,,,,
Cullman,Alabama,US,Cullman,Alabama,US,,,,,,,
Dale,Alabama,US,Dale,Alabama,US,,,,,,,
Dallas,Alabama,US,Dallas,Alabama,US,,,,,,,
DeKalb,Alabama,US,DeKalb,Alabama,US,,,,,,,
Elmore,Alabama,US,Elmore,Alabama,US,,,,,,,
Escambia,Alabama,US,Escambia,Alabama,US,,,,,,,
Etowah,Alabama,US,Etowah,Alabama,US,,,,,,,
Fayette,Alabama,US,Fayette,Alabama,US,,,,,,,
Franklin,Alabama,US,Franklin,Alabama,US,,,,,,,
Geneva,Alabama,US,Geneva,Alabama,US,,,,,,,
Greene,Alabama,US,Greene,Alabama,US,,,,,,,
Hale,Alabama,US,Hale,Alabama,US,,,,,,,
Henry,Alabama,US,Henry,Alabama,US,,,,,,,
Houston,Alabama,US,Houston,Alabama,US,,,,,,,
Jackson,Alabama,US,Jackson,Alabama,US,,,,,,,
Jefferson,Alabama,US,Jefferson,Alabama,US,,,,,,,
Lamar,Alabama,US,Lamar,Alabama,US,,,,,,,
Lauderdale,Alabama,US,Lauderdale,Alabama,US,,,,,,,
Lawrence,Alabama,US,Lawrence,Alabama,US,,,,,,,
Lee,Alabama,US,Lee,Alabama,US,,,,,,,
Limestone,Alabama,US,Limestone,Alabama,US,,,,,,,
Lowndes,Alabama,US,Lowndes,Alabama,US,,,,,,,
Macon,Alabama,US,Macon,Alabama,US,,,,,,,
Madison,Alabama,US,Madison,Alabama,US,,,,,,,
Marengo,Alabama,US,Marengo,Alabama,US,,,,,,,
Marion,Alabama,US,Marion,Alabama,US,,,,,,,
Marshall,Alabama,US,Marshall,Alabama,US,,,,,,,
Mobile,Alabama,US,Mobile,Alabama,US,,,,,,,
Monroe,Alabama,US,Monroe,Alabama,US,,,,,,,
Montgomery,Alabama,US,Montgomery,Alabama,US,,,,,,,
Morgan,Alabama,US,Morgan,Alabama,US,,,,,,,
Perry,Alabama,US,Perry,Alabama,US,,,,,,,
Pickens,Alabama,US,Pickens,Alabama,US,,,,,,,
Pike,Alabama,US,Pike,Alabama,US,,,,,,,
Randolph,Alabama,US,Randolph,Alabama,US,,,,,,,
Russell,Alabama,US,Russell,Alabama,US,,,,,,,
Shelby,Alabama,US,Shelby,Alabama,US,,,,,,,
St. Clair,Alabama,US,St. Clair,Alabama,US,,,,,,,
Sumter,Alabama,US,Sumter,Alabama,US,,,,,,,
Talladega,Alabama,US,Talladega,Alabama,US,,,,,,,
Tallapoosa,Alabama,US,Tallapoosa,Alabama,US,,,,,,,
Tuscaloosa,Alabama,US,Tuscaloosa,Alabama,US,,,,,,,
Walker,Alabama,US,Walker,Alabama,US,,,,,,,
Washington,Alabama,US,Washington,Alabama,US,,,,,,,
Wilcox,Alabama,US,Wilcox,Alabama,US,,,,,,,
Winston,Alabama,US,Winston,Alabama,US,,,,,,,
Nodaway,Missouri,US,Nodaway,Missouri,US,,,,,,,
,,Afghanistan,,,Afghanistan,,,,,,,
Bristol,Rhode Island,US,Bristol,Rhode Island,US,,,,,,,
Kent,Rhode Island,US,Kent,Rhode Island,US,,,,,,,
Newport,Rhode Island,US,Newport,Rhode Island,US,,,,,,,
Providence,Rhode Island,US,Providence,Rhode Island,US,,,,,,,
Unassigned,Rhode Island,US,Unassigned,Rhode Island,US,,,,,,,
Washington,Rhode Island,US,Washington,Rhode Island,US,,,,,,,
Adams,Colorado,US,Adams,Colorado,US,,,,,,,
Alamosa,Colorado,US,Alamosa,Colorado,US,,,,,,,
Arapahoe,Colorado,US,Arapahoe,Colorado,US,,,,,,,
Archuleta,Colorado,US,Archuleta,Colorado,US,,,,,,,
Baca,Colorado,US,Baca,Colorado,US,,,,,,,
Bent,Colorado,US,Bent,Colorado,US,,,,,,,
Boulder,Colorado,US,Boulder,Colorado,US,,,,,,,
Broomfield,Colorado,US,Broomfield,Colorado,US,,,,,,,
Chaffee,Colorado,US,Chaffee,Colorado,US,,,,,,,
Cheyenne,Colorado,US,Cheyenne,Colorado,US,,,,,,,
Clear Creek,Colorado,US,Clear Creek,Colorado,US,,,,,,,
Conejos,Colorado,US,Conejos,Colorado,US,,,,,,,
Costilla,Colorado,US,Costilla,Colorado,US,,,,,,,
Crowley,Colorado,US,Crowley,Colorado,US,,,,,,,
Custer,Colorado,US,Custer,Colorado,US,,,,,,,
Delta,Colorado,US,Delta,Colorado,US,,,,,,,
Denver,Colorado,US,Denver,Colorado,US,,,,,,,
Dolores,Colorado,US,Dolores,Colorado,US,,,,,,,
Douglas,Colorado,US,Douglas,Colorado,US,,,,,,,
Eagle,Colorado,US,Eagle,Colorado,US,,,,,,,
El Paso,Colorado,US,El Paso,Colorado,US,,,,,,,
Elbert,Colorado,US,Elbert,Colorado,US,,,,,,,
Fremont,Colorado,US,Fremont,Colorado,US,,,,,,,
Garfield,Colorado,US,Garfield,Colorado,US,,,,,,,
Gilpin,Colorado,US,Gilpin,Colorado,US,,,,,,,
Grand,Colorado,US,Grand,Colorado,US,,,,,,,
Gunnison,Colorado,US,Gunnison,Colorado,US,,,,,,,
Hinsdale,Colorado,US,Hinsdale,Colorado,US,,,,,,,
Huerfano,Colorado,US,Huerfano,Colorado,US,,,,,,,
Jackson,Colorado,US,Jackson,Colorado,US,,,,,,,
Jefferson,Colorado,US,Jefferson,Colorado,US,,,,,,,
Kiowa,Colorado,US,Kiowa,Colorado,US,,,,,,,
Kit Carson,Colorado,US,Kit Carson,Colorado,US,,,,,,,
La Plata,Colorado,US,La Plata,Colorado,US,,,,,,,
Lake,Colorado,US,Lake,Colorado,US,,,,,,,
Larimer,Colorado,US,Larimer,Colorado,US,,,,,,,
Las Animas,Colorado,US,Las Animas,Colorado,US,,,,,,,
Lincoln,Colorado,US,Lincoln,Colorado,US,,,,,,,
Logan,Colorado,US,Logan,Colorado,US,,,,,,,
Mesa,Colorado,US,Mesa,Colorado,US,,,,,,,
Mineral,Colorado,US,Mineral,Colorado,US,,,,,,,
Moffat,Colorado,US,Moffat,Colorado,US,,,,,,,
Montezuma,Colorado,US,Montezuma,Colorado,US,,,,,,,
Montrose,Colorado,US,Montrose,Colorado,US,,,,,,,
Morgan,Colorado,US,Morgan,Colorado,US,,,,,,,
Otero,Colorado,US,Otero,Colorado,US,,,,,,,
Ouray,Colorado,US,Ouray,Colorado,US,,,,,,,
Park,Colorado,US,Park,Colorado,US,,,,,,,
Phillips,Colorado,US,Phillips,Colorado,US,,,,,,,
Pitkin,Colorado,US,Pitkin,Colorado,US,,,,,,,
Prowers,Colorado,US,Prowers,Colorado,US,,,,,,,
Pueblo,Colorado,US,Pueblo,Colorado,US,,,,,,,
Rio Blanco,Colorado,US,Rio Blanco,Colorado,US,,,,,,,
Rio Grande,Colorado,US,Rio Grande,Colorado,US,,,,,,,
Routt,Colorado,US,Routt,Colorado,US,,,,,,,
Saguache,Colorado,US,Saguache,Colorado,US,,,,,,,
San Juan,Colorado,US,San Juan,Colorado,US,,,,,,,
San Miguel,Colorado,US,San Miguel,Colorado,US,,,,,,,
Sedgwick,Colorado,US,Sedgwick,Colorado,US,,,,,,,
Summit,Colorado,US,Summit,Colorado,US,,,,,,,
Teller,Colorado,US,Teller,Colorado,US,,,,,,,
Unassigned,Colorado,US,Unassigned,Colorado,US,,,,,,,
Washington,Colorado,US,Washington,Colorado,US,,,,,,,
Weld,Colorado,US,Weld,Colorado,US,,,,,,,
Yuma,Colorado,US,Yuma,Colorado,US,,,,,,,
St. Louis City,Missouri,US,St. Louis City,Missouri,US,,,,,,,
,,Slovakia,,,Slovakia,,,,,255300,,
,,Thailand,,,Thailand,,,,,26873,,
,,Ireland,,,Ireland,,,,,23364,,
,Andalusia,Spain,,Andalusia,Spain,,,,,10671,,
,Aragon,Spain,,Aragon,Spain,,,,,3772,,
,Asturias,Spain,,Asturias,Spain,,,,,1063,,
,Baleares,Spain,,Baleares,Spain,,,,,1533,,
,C. Valenciana,Spain,,C. Valenciana,Spain,,,,,9970,,
,Canarias,Spain,,Canarias,Spain,,,,,1537,,
,Cantabria,Spain,,Cantabria,Spain,,,,,2287,,
,Castilla - La Mancha,Spain,,Castilla - La Mancha,Spain,,,,,6392,,
,Castilla y Leon,Spain,,Castilla y Leon,Spain,,,,,8716,,
,Catalonia,Spain,,Catalonia,Spain,,,,,26203,,
,Ceuta,Spain,,Ceuta,Spain,,,,,163,,
,Extremadura,Spain,,Extremadura,Spain,,,,,2652,,
,Galicia,Spain,,Galicia,Spain,,,,,9204,,
,La Rioja,Spain,,La Rioja,Spain,,,,,3107,,
,Madrid,Spain,,Madrid,Spain,,,,,40736,,
,Melilla,Spain,,Melilla,Spain,,,,,125,,
,Murcia,Spain,,Murcia,Spain,,,,,2180,,
,Navarra,Spain,,Navarra,Spain,,,,,3905,,
,Pais Vasco,Spain,,Pais Vasco,Spain,,,,,16160,,
,Unknown,Spain,,Unknown,Spain,,,,,,,
Carbon,Montana,US,Carbon,Montana,US,,,,,,,
Powder River,Montana,US,Powder River,Montana,US,,,,,,,
Madison,Montana,US,Madison,Montana,US,,,,,,,
Beaverhead,Montana,US,Beaverhead,Montana,US,,,,,,,
Big Horn,Montana,US,Big Horn,Montana,US,,,,,,,
Stillwater,Montana,US,Stillwater,Montana,US,,,,,,,
Park,Montana,US,Park,Montana,US,,,,,,,
Gallatin,Montana,US,Gallatin,Montana,US,,,,,,,
Sweet Grass,Montana,US,Sweet Grass,Montana,US,,,,,,,
Silver Bow,Montana,US,Silver Bow,Montana,US,,,,,,,
Carter,Montana,US,Carter,Montana,US,,,,,,,
Deer Lodge,Montana,US,Deer Lodge,Montana,US,,,,,,,
Treasure,Montana,US,Treasure,Montana,US,,,,,,,
Yellowstone,Montana,US,Yellowstone,Montana,US,,,,,,,
Jefferson,Montana,US,Jefferson,Montana,US,,,,,,,
Golden Valley,Montana,US,Golden Valley,Montana,US,,,,,,,
Wheatland,Montana,US,Wheatland,Montana,US,,,,,,,
Ravalli,Montana,US,Ravalli,Montana,US,,,,,,,
Musselshell,Montana,US,Musselshell,Montana,US,,,,,,,
Fallon,Montana,US,Fallon,Montana,US,,,,,,,
Broadwater,Montana,US,Broadwater,Montana,US,,,,,,,
Rosebud,Montana,US,Rosebud,Montana,US,,,,,,,
Granite,Montana,US,Granite,Montana,US,,,,,,,
Custer,Montana,US,Custer,Montana,US,,,,,,,
Meagher,Montana,US,Meagher,Montana,US,,,,,,,
Prairie,Montana,US,Prairie,Montana,US,,,,,,,
Judith Basin,Montana,US,Judith Basin,Montana,US,,,,,,,
Wibaux,Montana,US,Wibaux,Montana,US,,,,,,,
Petroleum,Montana,US,Petroleum,Montana,US,,,,,,,
Mineral,Montana,US,Mineral,Montana,US,,,,,,,
Powell,Montana,US,Powell,Montana,US,,,,,,,
Missoula,Montana,US,Missoula,Montana,US,,,,,,,
Cascade,Montana,US,Cascade,Montana,US,,,,,,,
Fergus,Montana,US,Fergus,Montana,US,,,,,,,
Lewis and Clark,Montana,US,Lewis and Clark,Montana,US,,,,,,,
Garfield,Montana,US,Garfield,Montana,US,,,,,,,
Lake,Montana,US,Lake,Montana,US,,,,,,,
McCone,Montana,US,McCone,Montana,US,,,,,,,
Teton,Montana,US,Teton,Montana,US,,,,,,,
Chouteau,Montana,US,Chouteau,Montana,US,,,,,,,
Sanders,Montana,US,Sanders,Montana,US,,,,,,,
Pondera,Montana,US,Pondera,Montana,US,,,,,,,
Roosevelt,Montana,US,Roosevelt,Montana,US,,,,,,,
Hill,Montana,US,Hill,Montana,US,,,,,,,
Blaine,Montana,US,Blaine,Montana,US,,,,,,,
Liberty,Montana,US,Liberty,Montana,US,,,,,,,
Phillips,Montana,US,Phillips,Montana,US,,,,,,,
Toole,Montana,US,Toole,Montana,US,,,,,,,
Valley,Montana,US,Valley,Montana,US,,,,,,,
Daniels,Montana,US,Daniels,Montana,US,,,,,,,
Glacier,Montana,US,Glacier,Montana,US,,,,,,,
Flathead,Montana,US,Flathead,Montana,US,,,,,,,
Sheridan,Montana,US,Sheridan,Montana,US,,,,,,,
Lincoln,Montana,US,Lincoln,Montana,US,,,,,,,
Dawson,Montana,US,Dawson,Montana,US,,,,,,,
Richland,Montana,US,Richland,Montana,US,,,,,,,
Unassigned,Montana,US,Unassigned,Montana,US,,,0,0,,,
Bear River,Utah,US,Bear River,Utah,US,,,,,,,
Central Utah,Utah,US,Central Utah,Utah,US,,,,,,,
Davis,Utah,US,Davis,Utah,US,,,,,,,
San Juan,Utah,US,San Juan,Utah,US,,,,,,,
Salt Lake,Utah,US,Salt Lake,Utah,US,,,,,,,
Southeast Utah,Utah,US,Southeast Utah,Utah,US,,,,,,,
Southwest Utah,Utah,US,Southwest Utah,Utah,US,,,,,,,
Summit,Utah,US,Summit,Utah,US,,,,,,,
Tooele,Utah,US,Tooele,Utah,US,,,,,,,
TriCounty,Utah,US,TriCounty,Utah,US,,,,,,,
Utah,Utah,US,Utah,Utah,US,,,,,,,
Wasatch,Utah,US,Wasatch,Utah,US,,,,,,,
Weber-Morgan,Utah,US,Weber-Morgan,Utah,US,,,,,,,
Unassigned,Utah,US,Unassigned,Utah,US,,,,,,,
Barnstable,Massachusetts,US,Barnstable,Massachusetts,US,,,,,,,
Berkshire,Massachusetts,US,Berkshire,Massachusetts,US,,,,,,,
Bristol,Massachusetts,US,Bristol,Massachusetts,US,,,,,,,
Essex,Massachusetts,US,Essex,Massachusetts,US,,,,,,,
Franklin,Massachusetts,US,Franklin,Massachusetts,US,,,,,,,
Hampden,Massachusetts,US,Hampden,Massachusetts,US,,,,,,,
Hampshire,Massachusetts,US,Hampshire,Massachusetts,US,,,,,,,
Middlesex,Massachusetts,US,Middlesex,Massachusetts,US,,,,,,,
Norfolk,Massachusetts,US,Norfolk,Massachusetts,US,,,,,,,
Plymouth,Massachusetts,US,Plymouth,Massachusetts,US,,,,,,,
Suffolk,Massachusetts,US,Suffolk,Massachusetts,US,,,,,,,
Worcester,Massachusetts,US,Worcester,Massachusetts,US,,,,,,,
Unassigned,Massachusetts,US,Unassigned,Massachusetts,US,,,,,,,
Dukes and Nantucket,Massachusetts,US,Dukes and Nantucket,Massachusetts,US,,,,,,,
Hawaii,Hawaii,US,Hawaii,Hawaii,US,,,,,,,
Honolulu,Hawaii,US,Honolulu,Hawaii,US,,,,,,,
Kalawao,Hawaii,US,Kalawao,Hawaii,US,,,,,,,
Kauai,Hawaii,US,Kauai,Hawaii,US,,,,,,,
Maui,Hawaii,US,Maui,Hawaii,US,,,,,,,
Out of HI,Hawaii,US,Out of HI,Hawaii,US,,,,,,,
Unassigned,Hawaii,US,Unassigned,Hawaii,US,,,,,,,
Baker,Oregon,US,Baker,Oregon,US,,,,,,,
Benton,Oregon,US,Benton,Oregon,US,,,,,,,
Clackamas,Oregon,US,Clackamas,Oregon,US,,,,,,,
Clatsop,Oregon,US,Clatsop,Oregon,US,,,,,,,
Columbia,Oregon,US,Columbia,Oregon,US,,,,,,,
Coos,Oregon,US,Coos,Oregon,US,,,,,,,
Crook,Oregon,US,Crook,Oregon,US,,,,,,,
Curry,Oregon,US,Curry,Oregon,US,,,,,,,
Deschutes,Oregon,US,Deschutes,Oregon,US,,,,,,,
Douglas,Oregon,US,Douglas,Oregon,US,,,,,,,
Gilliam,Oregon,US,Gilliam,Oregon,US,,,,,,,
Grant,Oregon,US,Grant,Oregon,US,,,,,,,
Harney,Oregon,US,Harney,Oregon,US,,,,,,,
Hood River,Oregon,US,Hood River,Oregon,US,,,,,,,
Jackson,Oregon,US,Jackson,Oregon,US,,,,,,,
Jefferson,Oregon,US,Jefferson,Oregon,US,,,,,,,
Josephine,Oregon,US,Josephine,Oregon,US,,,,,,,
Klamath,Oregon,US,Klamath,Oregon,US,,,,,,,
Lake,Oregon,US,Lake,Oregon,US,,,,,,,
Lane,Oregon,US,Lane,Oregon,US,,,,,,,
Lincoln,Oregon,US,Lincoln,Oregon,US,,,,,,,
Linn,Oregon,US,Linn,Oregon,US,,,,,,,
Malheur,Oregon,US,Malheur,Oregon,US,,,,,,,
Marion,Oregon,US,Marion,Oregon,US,,,,,,,
Morrow,Oregon,US,Morrow,Oregon,US,,,,,,,
Multnomah,Oregon,US,Multnomah,Oregon,US,,,,,,,
Polk,Oregon,US,Polk,Oregon,US,,,,,,,
Sherman,Oregon,US,Sherman,Oregon,US,,,,,,,
Tillamook,Oregon,US,Tillamook,Oregon,US,,,,,,,
Umatilla,Oregon,US,Umatilla,Oregon,US,,,,,,,
Unassigned,Oregon,US,Unassigned,Oregon,US,,,,,,,
Union,Oregon,US,Union,Oregon,US,,,,,,,
Wallowa,Oregon,US,Wallowa,Oregon,US,,,,,,,
Wasco,Oregon,US,Wasco,Oregon,US,,,,,,,
Washington,Oregon,US,Washington,Oregon,US,,,,,,,
Wheeler,Oregon,US,Wheeler,Oregon,US,,,,,,,
Yamhill,Oregon,US,Yamhill,Oregon,US,,,,,,,
,,Cameroon,,,Cameroon,,,,,35261,,
,,Kiribati,,,Kiribati,,,2,,,,
Alachua,Florida,US,Alachua,Florida,US,,,25741,,,,
Baker,Florida,US,Baker,Florida,US,,,3626,,,,
Bay,Florida,US,Bay,Florida,US,,,20795,,,,
Bradford,Florida,US,Bradford,Florida,US,,,3076,,,,
Brevard,Florida,US,Brevard,Florida,US,,,43952,,,,
Broward,Florida,US,Broward,Florida,US,,,248830,,,,
Calhoun,Florida,US,Calhoun,Florida,US,,,1723,,,,
Charlotte,Florida,US,Charlotte,Florida,US,,,13644,,,,
Citrus,Florida,US,Citrus,Florida,US,,,11581,,,,
Clay,Florida,US,Clay,Florida,US,,,19683,,,,
Collier,Florida,US,Collier,Florida,US,,,37773,,,,
Columbia,Florida,US,Columbia,Florida,US,,,8361,,,,
Miami-Dade,Florida,US,Miami-Dade,Florida,US,,,508464,,,,
DeSoto,Florida,US,DeSoto,Florida,US,,,4467,,,,
Dixie,Florida,US,Dixie,Florida,US,,,1642,,,,
Duval,Florida,US,Duval,Florida,US,,,103256,,,,
Escambia,Florida,US,Escambia,Florida,US,,,36843,,,,
Flagler,Florida,US,Flagler,Florida,US,,,7642,,,,
Franklin,Florida,US,Franklin,Florida,US,,,1373,,,,
Gadsden,Florida,US,Gadsden,Florida,US,,,5833,,,,
Gilchrist,Florida,US,Gilchrist,Florida,US,,,1651,,,,
Glades,Florida,US,Glades,Florida,US,,,996,,,,
Gulf,Florida,US,Gulf,Florida,US,,,2001,,,,
Hamilton,Florida,US,Hamilton,Florida,US,,,1654,,,,
Hardee,Florida,US,Hardee,Florida,US,,,3366,,,,
Hendry,Florida,US,Hendry,Florida,US,,,4937,,,,
Hernando,Florida,US,Hernando,Florida,US,,,14969,,,,
Highlands,Florida,US,Highlands,Florida,US,,,8874,,,,
Hillsborough,Florida,US,Hillsborough,Florida,US,,,146442,,,,
Holmes,Florida,US,Holmes,Florida,US,,,2310,,,,
Indian River,Florida,US,Indian River,Florida,US,,,13033,,,,
Jackson,Florida,US,Jackson,Florida,US,,,6466,,,,
Jefferson,Florida,US,Jefferson,Florida,US,,,1530,,,,
Lafayette,Florida,US,Lafayette,Florida,US,,,1630,,,,
Lake,Florida,US,Lake,Florida,US,,,31659,,,,
Lee,Florida,US,Lee,Florida,US,,,74945,,,,
Leon,Florida,US,Leon,Florida,US,,,33241,,,,
Levy,Florida,US,Levy,Florida,US,,,3633,,,,
Liberty,Florida,US,Liberty,Florida,US,,,1087,,,,
Madison,Florida,US,Madison,Florida,US,,,2113,,,,
Manatee,Florida,US,Manatee,Florida,US,,,40454,,,,
Marion,Florida,US,Marion,Florida,US,,,32295,,,,
Martin,Florida,US,Martin,Florida,US,,,12963,,,,
Monroe,Florida,US,Monroe,Florida,US,,,7219,,,,
Nassau,Florida,US,Nassau,Florida,US,,,8888,,,,
Okaloosa,Florida,US,Okaloosa,Florida,US,,,21195,,,,
Okeechobee,Florida,US,Okeechobee,Florida,US,,,4298,,,,
Orange,Florida,US,Orange,Florida,US,,,145712,,,,
Osceola,Florida,US,Osceola,Florida,US,,,47253,,,,
Palm Beach,Florida,US,Palm Beach,Florida,US,,,150857,,,,
Pasco,Florida,US,Pasco,Florida,US,,,43521,,,,
Pinellas,Florida,US,Pinellas,Florida,US,,,82576,,,,
Polk,Florida,US,Polk,Florida,US,,,72452,,,,
Putnam,Florida,US,Putnam,Florida,US,,,6844,,,,
Santa Rosa,Florida,US,Santa Rosa,Florida,US,,,18826,,,,
Sarasota,Florida,US,Sarasota,Florida,US,,,34091,,,,
Seminole,Florida,US,Seminole,Florida,US,,,36264,,,,
St. Johns,Florida,US,St. Johns,Florida,US,,,23862,,,,
St. Lucie,Florida,US,St. Lucie,Florida,US,,,28146,,,,
Sumter,Florida,US,Sumter,Florida,US,,,9626,,,,
Suwannee,Florida,US,Suwannee,Florida,US,,,5452,,,,
Taylor,Florida,US,Taylor,Florida,US,,,2759,,,,
Union,Florida,US,Union,Florida,US,,,1879,,,,
Unassigned,Florida,US,Unassigned,Florida,US,,,3017,799,,,
Volusia,Florida,US,Volusia,Florida,US,,,45835,,,,
Wakulla,Florida,US,Wakulla,Florida,US,,,3573,,,,
Walton,Florida,US,Walton,Florida,US,,,8002,,,,
Washington,Florida,US,Washington,Florida,US,,,2763,,,,
,Cook Islands,New Zealand,,Cook Islands,New Zealand,,,1,,,,
