Province_State,Country_Region,Last_Update,Lat,Long_,Confirmed,Deaths,Recovered,Active,FIPS,Incident_Rate,People_Tested,People_Hospitalized,Mortality_Rate,UID,ISO3,Testing_Rate,Hospitalization_Rate
Alabama,US,2020-07-22 01:35:34,32.3182,-86.9023,70358,1303,29736,39319.0,1,1434.9448368764386,600381,8538,1.8519571335171552,84000001,USA,12244.71440502449,12.135080587850707
Alaska,US,2020-07-22 01:35:34,61.3707,-152.4044,2042,18,737,1287.0,2,279.13525483736476,178626,,0.881488736532811,84000002,USA,24417.636645729246,
American Samoa,US,2020-07-22 01:35:34,-14.270999999999999,-170.132,0,0,,0.0,60,0.0,1037,,,16,ASM,1863.7335777574092,
Arizona,US,2020-07-22 01:35:34,33.7298,-111.4312,148683,2918,18863,126902.0,4,2042.7089004834231,807666,6894,1.9625646509688397,84000004,USA,11096.26875175941,4.636710316579569
Arkansas,US,2020-07-22 01:35:34,34.9697,-92.3731,34655,374,27283,6998.0,5,1148.3515828065706,439635,2257,1.0792093493002453,84000005,USA,14568.043517736738,6.51276872024239
California,US,2020-07-22 01:35:34,36.1162,-119.6816,407722,7868,,399854.0,6,1031.8882842911673,6536932,,1.9297462486694366,84000006,USA,16544.075487729457,
Colorado,US,2020-07-22 01:35:34,39.0598,-105.3111,41041,1763,5019,34259.0,8,712.6737534069977,451299,6057,4.2957042957042955,84000008,USA,7836.771819371474,14.75841231938793
Connecticut,US,2020-07-22 01:35:34,41.5978,-72.7554,48096,4406,8466,35224.0,9,1349.0078077865821,662837,10654,9.160844976713241,84000009,USA,18591.40652631892,22.151530272787756
Delaware,US,2020-07-22 01:35:34,39.3185,-75.5071,13746,525,7362,5859.0,10,1411.635673530753,158347,,3.819292885202968,84000010,USA,16261.332314606003,
Diamond Princess,US,2020-07-22 01:35:34,,,49,0,,49.0,88888,,,,0.0,84088888,USA,,
District of Columbia,US,2020-07-22 01:35:34,38.8974,-77.0268,11427,580,1932,8915.0,11,1619.1308808088995,155711,,5.075697908462414,84000011,USA,22063.226444529144,
Florida,US,2020-07-22 01:35:34,27.7663,-81.6868,369834,5206,,364628.0,12,1721.941189614157,3099750,22123,1.407658571142729,84000012,USA,14432.386428793685,5.981872948403878
Georgia,US,2020-07-22 01:35:34,33.0406,-83.6431,148988,3254,,145734.0,13,1403.2406922093996,1295291,15494,2.184068515585148,84000013,USA,12199.674064036066,10.399495261363331
Grand Princess,US,2020-07-22 01:35:34,,,103,3,,100.0,99999,,,,2.912621359223301,84099999,USA,,
Guam,US,2020-07-22 01:35:34,13.4443,144.7937,319,5,235,79.0,66,194.2409684038751,18757,,1.567398119122257,316,GUM,11421.247160976442,
Hawaii,US,2020-07-22 01:35:34,21.0943,-157.4983,1418,24,1057,337.0,15,100.15029607196131,106783,150,1.692524682651622,84000015,USA,7541.854065904263,10.578279266572638
Idaho,US,2020-07-22 01:35:34,44.2405,-114.4788,15823,126,4335,11362.0,16,885.4182696208588,151071,621,0.7963091701952854,84000016,USA,8453.581710793955,3.924666624533906
Illinois,US,2020-07-22 01:35:34,40.3495,-88.9861,164864,7517,,157347.0,17,1301.0284788587212,2310029,,4.55951572204969,84000017,USA,18229.653023034338,
Indiana,US,2020-07-22 01:35:34,39.8494,-86.2583,57916,2846,41322,13748.0,18,860.2809861057699,644805,7941,4.9140133987153805,84000018,USA,9577.89697572227,13.71123696387872
Iowa,US,2020-07-22 01:35:34,42.0115,-93.2105,39558,803,28388,10367.0,19,1253.7915165115196,422433,,2.0299307346175235,84000019,USA,13389.021479713603,
Kansas,US,2020-07-22 01:35:34,38.5266,-96.7265,22929,316,1016,21597.0,20,787.0418362044051,261531,1497,1.3781673862793842,84000020,USA,8977.0961866795,6.528849928038729
Kentucky,US,2020-07-22 01:35:34,37.6681,-84.6701,24060,674,6927,16459.0,21,538.5353851994092,508693,2900,2.801330008312552,84000021,USA,11386.083986003452,12.053200332502078
Louisiana,US,2020-07-22 01:35:34,31.1695,-91.8678,96583,3498,53288,39797.0,22,2077.5925971337942,1122962,,3.6217553813818166,84000022,USA,24155.985401805287,
Maine,US,2020-07-22 01:35:34,44.6939,-69.3819,3723,118,3191,414.0,23,276.9652406019289,142243,377,3.1694869728713404,84000023,USA,10581.887380859567,10.126242277733011
Maryland,US,2020-07-22 01:35:34,39.0639,-76.8021,79545,3402,5380,70763.0,24,1315.7328869539904,764367,11949,4.276824438996794,84000024,USA,12643.193156104855,15.021685838204789
Massachusetts,US,2020-07-22 01:35:34,42.2302,-71.5301,114033,8450,95390,10193.0,25,1654.4497695539633,1059181,11746,7.410135662483667,84000025,USA,15367.146013574458,10.300527040418125
Michigan,US,2020-07-22 01:35:34,43.3266,-84.5361,83059,6382,55162,21515.0,26,831.6830810734548,1529375,,7.683694723028209,84000026,USA,15313.877028578661,
Minnesota,US,2020-07-22 01:35:34,45.6945,-93.9002,47457,1588,41511,4358.0,27,841.4910760134704,876859,4723,3.3461870746149147,84000027,USA,15548.159879935429,9.952167225066903
Mississippi,US,2020-07-22 01:35:34,32.7416,-89.6787,45524,1389,30315,13820.0,28,1529.6277168918625,395198,3797,3.0511378613478604,84000028,USA,13278.837853884332,8.34065547842896
Missouri,US,2020-07-22 01:35:34,38.4561,-92.2884,35194,1148,,34046.0,29,573.432388942078,580320,,3.261919645394101,84000029,USA,9455.426605411909,
Montana,US,2020-07-22 01:35:34,46.9219,-110.4544,2711,40,1493,1178.0,30,253.65417327078214,141002,174,1.4754703061600885,84000030,USA,13192.823954085881,6.418295831796385
Nebraska,US,2020-07-22 01:35:34,41.1254,-98.2681,23190,310,17237,5643.0,31,1198.8163820662446,238441,1502,1.3367830961621388,84000031,USA,12326.30344787656,6.476929711082363
Nevada,US,2020-07-22 01:35:34,38.3135,-117.0554,37528,676,874,35978.0,32,1218.379848293398,398822,,1.8013216798124068,84000032,USA,12948.110420381305,
New Hampshire,US,2020-07-22 01:35:34,43.4525,-71.5639,6262,400,5286,576.0,33,460.53904101680433,144822,673,6.387735547748323,84000033,USA,10650.939795294735,10.747365059086555
New Jersey,US,2020-07-22 01:35:34,40.2989,-74.521,177256,15737,31781,129738.0,34,1995.6339596428359,1817955,21099,8.878119781558876,84000034,USA,20467.4185082733,11.903123166493659
New Mexico,US,2020-07-22 01:35:34,34.8405,-106.2485,17517,588,6814,10115.0,35,835.4043176625275,476497,2399,3.356739167665696,84000035,USA,22724.64755113555,13.695267454472798
New York,US,2020-07-22 01:35:34,42.1657,-74.9481,408181,32520,72302,303359.0,36,2098.2328119772005,5230981,89995,7.967053831511021,84000036,USA,26889.580781636843,22.04781702235038
North Carolina,US,2020-07-22 01:35:34,35.6301,-79.8064,103216,1705,78707,22804.0,37,984.1263666461863,1458997,,1.651875678189428,84000037,USA,13910.996517571752,
North Dakota,US,2020-07-22 01:35:34,47.5289,-99.78399999999999,5207,94,4319,794.0,38,683.2777385567053,137293,309,1.8052621471096602,84000038,USA,18015.988200435135,5.9343191857115425
Northern Mariana Islands,US,2020-07-22 01:35:34,15.0979,145.6739,38,2,29,7.0,69,68.91048890178442,11093,4,5.2631578947368425,580,MNP,20116.422457565648,10.526315789473685
Ohio,US,2020-07-22 01:35:34,40.3888,-82.7649,77215,3219,53077,20919.0,39,660.5726702654609,1200023,9736,4.168879103801075,84000039,USA,10266.171048241524,12.608949038399274
Oklahoma,US,2020-07-22 01:35:34,35.5653,-96.9289,26326,461,19750,6115.0,40,665.3068723526152,497490,2403,1.7511205652206945,84000040,USA,12572.495476969632,9.127858390944313
Oregon,US,2020-07-22 01:35:34,44.571999999999996,-122.0709,15139,269,3381,11489.0,41,358.9365576848438,345263,1406,1.776867692714182,84000041,USA,8185.9774566313645,9.287271286082303
Pennsylvania,US,2020-07-22 01:35:34,40.5908,-77.2098,107460,7051,77073,23336.0,42,839.4008149827343,1055763,,6.561511260003722,84000042,USA,8246.866951690085,
Puerto Rico,US,2020-07-22 01:35:34,18.2208,-66.5901,12940,180,,12760.0,72,441.1251349965637,205626,,1.3910355486862442,630,PRI,7009.798841484035,
Rhode Island,US,2020-07-22 01:35:34,41.6809,-71.5118,17986,996,1741,15249.0,44,1697.8159475381858,184964,2116,5.537640386967642,84000044,USA,17459.959352855163,11.764705882352942
South Carolina,US,2020-07-22 01:35:34,33.8569,-80.945,73337,1221,27062,45054.0,45,1424.375096383291,598693,4498,1.6649167541622918,84000045,USA,11628.010411920335,6.133329697151506
South Dakota,US,2020-07-22 01:35:34,44.2998,-99.4388,8019,118,7081,820.0,46,906.450960200484,99845,776,1.4715051752088788,84000046,USA,11286.269624793282,9.677017084424492
Tennessee,US,2020-07-22 01:35:34,35.7478,-86.6923,81944,871,47852,33221.0,47,1199.9108530548497,1238233,3798,1.0629210192326466,84000047,USA,18131.51927304825,4.634872595919164
Texas,US,2020-07-22 01:35:34,31.0545,-97.5635,351071,4199,186529,160343.0,48,1210.761625073575,3043574,,1.1960543593745994,84000048,USA,10496.573634027536,
Utah,US,2020-07-22 01:35:34,40.15,-111.8624,35012,251,22032,12729.0,49,1092.091661837117,475443,2109,0.7168970638638181,84000049,USA,14829.98217693432,6.023649034616703
Vermont,US,2020-07-22 01:35:34,44.0459,-72.7107,1366,56,1148,162.0,50,218.91411547318944,84947,,4.099560761346998,84000050,USA,13613.54126434921,
Virgin Islands,US,2020-07-22 01:35:34,18.3358,-64.8963,304,6,158,140.0,78,283.40231942424583,7161,,1.9736842105263157,850,VIR,6675.802662490211,
Virginia,US,2020-07-22 01:35:34,37.7693,-78.17,79371,2048,10235,67088.0,51,929.8907307218226,940092,11424,2.5802875105517127,84000051,USA,11013.882108399031,14.393166269796273
Washington,US,2020-07-22 01:35:34,47.4009,-121.4905,48575,1465,,47110.0,53,637.8947150012482,826354,5102,3.015954709212558,84000053,USA,10851.813676173782,10.503345342254246
West Virginia,US,2020-07-22 01:35:34,38.4912,-80.9545,5172,101,3546,1525.0,54,288.5923978334367,240326,,1.9528228924980666,84000054,USA,13409.949072258023,
Wisconsin,US,2020-07-22 01:35:34,44.2685,-89.6165,44135,859,33902,9374.0,55,758.0163210093923,798398,4194,1.9463011215588535,84000055,USA,13712.44397102655,9.50266228616744
Wyoming,US,2020-07-22 01:35:34,42.756,-107.3025,2238,25,1694,519.0,56,386.68945104957334,44165,146,1.1170688114387846,84000056,USA,7630.982844327259,6.523681858802502
Abruzzo,Italy,2020-07-22 01:35:34,42.35122196,13.39843823,3344,470,2758,116.0,,254.9596669665594,,,14.055023923444976,38013,ITA,,
Acre,Brazil,2020-07-22 01:35:34,-9.0238,-70.812,17700,469,9858,7373.0,,2006.9506256129987,,,2.6497175141242937,7601,BRA,,
Adygea Republic,Russia,2020-07-22 01:35:34,44.6939006,40.1520421,2411,16,1930,465.0,,531.7881846414455,,,0.6636250518457072,64301,RUS,,
Aguascalientes,Mexico,2020-07-22 01:35:34,21.8853,-102.2916,3544,220,2793,531.0,,247.03147490476672,,,6.207674943566591,48401,MEX,,
Aichi,Japan,2020-07-22 01:35:34,35.035551,137.211621,712,34,489,189.0,,9.427667741976915,,,4.775280898876405,39201,JPN,,
Akita,Japan,2020-07-22 01:35:34,39.748678999999996,140.408228,16,0,16,0.0,,1.6554749661144967,,,0.0,39202,JPN,,
Alagoas,Brazil,2020-07-22 01:35:34,-9.5713,-36.782,50951,1428,44863,4660.0,,1526.6871359581849,,,2.80269278326235,7602,BRA,,
Alberta,Canada,2020-07-22 01:35:34,53.9333,-116.5765,9728,172,8363,1193.0,,220.4323174442903,,,1.768092105263158,12401,CAN,,
Altai Krai,Russia,2020-07-22 01:35:34,52.6932243,82.69314240000001,7758,57,5041,2660.0,,330.11642156862746,,,0.7347254447022429,64302,RUS,,
Altai Republic,Russia,2020-07-22 01:35:34,50.7114101,86.8572186,1304,1,805,498.0,,597.9923233194077,,,0.07668711656441718,64303,RUS,,
Amapa,Brazil,2020-07-22 01:35:34,0.902,-52.003,34405,533,22791,11081.0,,4068.0783842616624,,,1.5491934311873274,7603,BRA,,
Amazonas,Brazil,2020-07-22 01:35:34,-3.4168,-65.8561,92164,3169,76723,12272.0,,2223.714392497027,,,3.4384358317781345,7604,BRA,,
Amazonas,Colombia,2020-07-22 01:35:34,-1.4429,-71.5724,2458,101,2276,81.0,,3209.3381556098134,,,4.109031733116355,17001,COL,,
Amazonas,Peru,2020-07-22 01:35:34,-5.077253,-78.050172,4278,103,,4175.0,,1002.3430178069353,,,2.407667134174848,60401,PER,,
Amur Oblast,Russia,2020-07-22 01:35:34,52.8032368,128.437295,2451,33,1562,856.0,,306.9797501077122,,,1.346389228886169,64304,RUS,,
Ancash,Peru,2020-07-22 01:35:34,-9.407125,-77.67179499999997,10529,613,,9916.0,,891.8346603421988,,,5.822015386076551,60402,PER,,
Andalusia,Spain,2020-07-22 01:35:34,37.5443,-4.7278,14041,1435,10671,1935.0,,166.61119288796493,,,10.220069795598604,72401,ESP,,
Andaman and Nicobar Islands,India,2020-07-22 01:35:34,11.225999,92.96817800000001,207,0,152,55.0,,49.63600264725348,,,0.0,35601,IND,,
Andhra Pradesh,India,2020-07-22 01:35:34,15.9129,79.74,53724,696,24228,28800.0,,99.66719534705356,,,1.2955103864194772,35602,IND,,
Anguilla,United Kingdom,2020-07-22 01:35:34,18.2206,-63.0686,3,0,3,0.0,,19.997333688841486,,,0.0,660,AIA,,
Anhui,China,2020-07-22 01:35:34,31.8257,117.2264,991,6,985,0.0,,1.567046173308033,,,0.6054490413723511,15601,CHN,,
Antioquia,Colombia,2020-07-22 01:35:34,7.1986,-75.3412,16840,203,4571,12066.0,,262.8333371312022,,,1.2054631828978621,17002,COL,,
Antofagasta,Chile,2020-07-22 01:35:34,-23.6509,-70.3975,13309,293,11692,1324.0,,2190.659288204446,,,2.2015177699301223,15201,CHL,,
Aomori,Japan,2020-07-22 01:35:34,40.781541,140.828896,34,1,26,7.0,,2.7279196964627705,,,2.9411764705882355,39203,JPN,,
Apurimac,Peru,2020-07-22 01:35:34,-14.027713,-72.975378,732,28,,704.0,,169.95588576735545,,,3.8251366120218577,60403,PER,,
Aragon,Spain,2020-07-22 01:35:34,41.5976,-0.9057,8720,915,3772,4033.0,,660.3129216877961,,,10.493119266055047,72402,ESP,,
Arauca,Colombia,2020-07-22 01:35:34,7.0762,-70.7105,171,0,85,86.0,,65.2238589638942,,,0.0,17003,COL,,
Araucania,Chile,2020-07-22 01:35:34,-38.9489,-72.3311,3774,71,3538,165.0,,394.26508319891684,,,1.881293057763646,15202,CHL,,
Arequipa,Peru,2020-07-22 01:35:34,-15.843523999999999,-72.475539,10676,585,,10091.0,,712.9691465206357,,,5.479580367178719,60404,PER,,
Arica y Parinacota,Chile,2020-07-22 01:35:34,-18.594,-69.4785,3291,40,2425,826.0,,1455.7566749827486,,,1.2154360376785172,15203,CHL,,
Arkhangelsk Oblast,Russia,2020-07-22 01:35:34,63.5589686,43.1221646,7989,132,5683,2174.0,,691.6715438933082,,,1.6522718738265114,64305,RUS,,
Aruba,Netherlands,2020-07-22 01:35:34,12.5211,-69.9683,117,3,100,14.0,,109.58544855103685,,,2.5641025641025643,533,ABW,,
Arunachal Pradesh,India,2020-07-22 01:35:34,27.768456,96.384277,790,3,285,502.0,,50.303796726814724,,,0.379746835443038,35603,IND,,
Assam,India,2020-07-22 01:35:34,26.357149,92.83044100000001,25382,58,17095,8229.0,,71.28365826768129,,,0.2285083917736979,35604,IND,,
Astrakhan Oblast,Russia,2020-07-22 01:35:34,47.1878186,47.608851,4245,40,3120,1085.0,,417.19327694754077,,,0.9422850412249706,64306,RUS,,
Asturias,Spain,2020-07-22 01:35:34,43.3614,-5.8593,2447,334,1063,1050.0,,239.38446789049163,,,13.64936657131181,72403,ESP,,
Atacama,Chile,2020-07-22 01:35:34,-27.5661,-70.0503,1958,9,1535,414.0,,677.6399579157207,,,0.45965270684371806,15204,CHL,,
Atlantico,Colombia,2020-07-22 01:35:34,10.6966,-74.8741,44704,2208,25686,16810.0,,1763.1118229536619,,,4.93915533285612,17004,COL,,
Australian Capital Territory,Australia,2020-07-22 01:35:34,-35.4735,149.0124,113,3,107,3.0,,26.395701938799345,,,2.6548672566371683,3601,AUS,,
Ayacucho,Peru,2020-07-22 01:35:34,-14.091648000000001,-74.08344,2936,46,,2890.0,,439.3894043699491,,,1.5667574931880108,60405,PER,,
Aysen,Chile,2020-07-22 01:35:34,-45.9864,-73.7669,69,1,52,16.0,,66.88768684929913,,,1.4492753623188406,15205,CHL,,
Azad Jammu and Kashmir,Pakistan,2020-07-22 01:35:34,34.027401,73.947253,1922,47,1254,621.0,,47.51115226656871,,,2.445369406867846,58601,PAK,,
Baden-Wurttemberg,Germany,2020-07-22 01:35:34,48.6616,9.3501,36566,1838,34150,578.0,,330.33010516342466,,,5.02652737515725,27601,DEU,,
Bahia,Brazil,2020-07-22 01:35:34,-12.5797,-41.7007,126844,2936,112204,11704.0,,852.8437718011568,,,2.314654220932799,7605,BRA,,
Baja California,Mexico,2020-07-22 01:35:34,30.8406,-115.2838,12155,2388,8932,835.0,,334.40003873593207,,,19.64623611682435,48402,MEX,,
Baja California Sur,Mexico,2020-07-22 01:35:34,26.0444,-111.6661,3231,121,2314,796.0,,401.512101283944,,,3.7449705973382854,48403,MEX,,
Baleares,Spain,2020-07-22 01:35:34,39.710358,2.995148,2321,224,1533,564.0,,195.33419737085725,,,9.65101249461439,72404,ESP,,
Balochistan,Pakistan,2020-07-22 01:35:34,28.328492,65.898403,11441,133,9061,2247.0,,92.68164176038252,,,1.162485796696093,58602,PAK,,
Bashkortostan Republic,Russia,2020-07-22 01:35:34,54.8573563,57.1439682,6386,21,4697,1668.0,,157.1631679034714,,,0.3288443470090824,64307,RUS,,
Basilicata,Italy,2020-07-22 01:35:34,40.63947052,15.80514834,408,28,373,7.0,,72.48578265990844,,,6.862745098039215,38017,ITA,,
Bayern,Germany,2020-07-22 01:35:34,48.7904,11.4979,49880,2617,46300,963.0,,381.4411885058953,,,5.246591820368885,27602,DEU,,
Beijing,China,2020-07-22 01:35:34,40.1824,116.4142,929,9,752,168.0,,4.312906220984216,,,0.9687836383207751,15602,CHN,,
Belgorod Oblast,Russia,2020-07-22 01:35:34,50.7080119,37.5837615,5527,43,5072,412.0,,356.60917389520193,,,0.7779989144201194,64308,RUS,,
Berlin,Germany,2020-07-22 01:35:34,52.52,13.405,8836,222,8312,302.0,,242.4258387094473,,,2.5124490719782706,27603,DEU,,
Bermuda,United Kingdom,2020-07-22 01:35:34,32.3078,-64.7505,153,9,137,7.0,,245.69235463202352,,,5.882352941176471,60,BMU,,
Bihar,India,2020-07-22 01:35:34,25.679658,85.60484,27646,217,17433,9996.0,,22.152256724895814,,,0.7849236779280908,35605,IND,,
Biobio,Chile,2020-07-22 01:35:34,-37.4464,-72.1416,9696,100,8285,1311.0,,622.8140325859694,,,1.0313531353135315,15206,CHL,,
Blekinge,Sweden,2020-07-22 01:35:34,56.2784,15.018,479,14,,465.0,,300.1140308008471,,,2.922755741127349,75201,SWE,,
Bolivar,Colombia,2020-07-22 01:35:34,8.6704,-74.03,15208,506,9792,4910.0,,734.646951128201,,,3.3271962125197265,17005,COL,,
"Bonaire, Sint Eustatius and Saba",Netherlands,2020-07-22 01:35:34,12.1784,-68.2385,10,0,7,3.0,,38.13737080965638,,,0.0,535,BES,,
Boyaca,Colombia,2020-07-22 01:35:34,5.4545,-73.362,650,21,335,294.0,,53.393528375785294,,,3.230769230769231,17006,COL,,
Brandenburg,Germany,2020-07-22 01:35:34,52.4125,12.5316,3514,173,3300,41.0,,139.89315729779287,,,4.923164484917473,27604,DEU,,
Bremen,Germany,2020-07-22 01:35:34,53.0793,8.8017,1726,55,1629,42.0,,252.7138184384453,,,3.186558516801854,27605,DEU,,
British Columbia,Canada,2020-07-22 01:35:34,53.7267,-127.6476,3328,189,2873,266.0,,65.11551645233135,,,5.679086538461538,12402,CAN,,
British Virgin Islands,United Kingdom,2020-07-22 01:35:34,18.4207,-64.64,8,1,7,0.0,,26.457651222012768,,,12.5,92,VGB,,
Bryansk Oblast,Russia,2020-07-22 01:35:34,52.8873315,33.41585300000001,7091,35,5491,1565.0,,585.5578365326652,,,0.49358341559723595,64309,RUS,,
Buryatia Republic,Russia,2020-07-22 01:35:34,52.7182426,109.492143,3729,35,2860,834.0,,378.76671769030514,,,0.9385894341646555,64310,RUS,,
C. Valenciana,Spain,2020-07-22 01:35:34,39.484,-0.7533,12182,1433,9970,779.0,,244.8658474052803,,,11.763257264816943,72411,ESP,,
Cajamarca,Peru,2020-07-22 01:35:34,-6.4302839999999994,-78.74559599999998,4458,150,,4308.0,,306.6657494668776,,,3.3647375504710633,60406,PER,,
Calabria,Italy,2020-07-22 01:35:34,38.90597598,16.59440194,1239,97,1071,71.0,,63.632082279004344,,,7.828894269572236,38018,ITA,,
Caldas,Colombia,2020-07-22 01:35:34,5.2983,-75.2479,397,7,246,144.0,,39.769397598809924,,,1.7632241813602014,17007,COL,,
Callao,Peru,2020-07-22 01:35:34,-11.954609,-77.136042,19966,782,,19184.0,,1767.0590317727233,,,3.916658319142542,60407,PER,,
Campania,Italy,2020-07-22 01:35:34,40.83956555,14.25084984,4839,434,4108,297.0,,83.40670273430578,,,8.968795205620996,38015,ITA,,
Campeche,Mexico,2020-07-22 01:35:34,19.8301,-90.5349,3667,386,2830,451.0,,366.473885612577,,,10.526315789473685,48404,MEX,,
Canarias,Spain,2020-07-22 01:35:34,28.2916,-16.6291,2553,162,1537,854.0,,115.68257932730104,,,6.345475910693302,72405,ESP,,
Cantabria,Spain,2020-07-22 01:35:34,43.1828,-3.9878,2405,217,2287,-99.0,,413.48529419349734,,,9.022869022869022,72406,ESP,,
Capital District,Colombia,2020-07-22 01:35:34,4.711,-74.0721,65594,1627,25614,38353.0,,884.9027448794385,,,2.480409793578681,17008,COL,,
Caqueta,Colombia,2020-07-22 01:35:34,0.8699,-73.8419,393,7,40,346.0,,97.88562077665888,,,1.7811704834605597,17009,COL,,
Casanare,Colombia,2020-07-22 01:35:34,5.7589,-71.5724,173,2,82,89.0,,41.1411068622415,,,1.1560693641618498,17010,COL,,
Castilla - La Mancha,Spain,2020-07-22 01:35:34,39.2796,-3.0977,18484,3033,6392,9059.0,,908.3595716104708,,,16.408785977061243,72407,ESP,,
Castilla y Leon,Spain,2020-07-22 01:35:34,41.8357,-4.3976,19946,2795,8716,8435.0,,828.4141140234403,,,14.012834653564624,72408,ESP,,
Catalonia,Spain,2020-07-22 01:35:34,41.5912,1.5209,69906,5678,26203,38025.0,,923.8966165157655,,,8.122335707950677,72409,ESP,,
Cauca,Colombia,2020-07-22 01:35:34,2.705,-76.82600000000002,1136,36,389,711.0,,77.56977182469231,,,3.1690140845070425,17011,COL,,
Cayman Islands,United Kingdom,2020-07-22 01:35:34,19.3133,-81.2546,203,1,201,1.0,,308.8861838101035,,,0.49261083743842365,136,CYM,,
Ceara,Brazil,2020-07-22 01:35:34,-5.4984,-39.3206,148986,7284,124616,17086.0,,1631.4578127782088,,,4.889049977850267,7606,BRA,,
Cesar,Colombia,2020-07-22 01:35:34,9.3373,-73.6536,2115,39,1137,939.0,,176.1657340572093,,,1.8439716312056738,17012,COL,,
Ceuta,Spain,2020-07-22 01:35:34,35.8894,-5.3213,164,4,163,-3.0,,193.33011116481393,,,2.4390243902439024,72410,ESP,,
Chandigarh,India,2020-07-22 01:35:34,30.733839,76.76827800000002,737,12,518,207.0,,63.61822847835038,,,1.6282225237449117,35606,IND,,
Channel Islands,United Kingdom,2020-07-22 01:35:34,49.3723,-2.3644,583,47,529,7.0,,341.9374893694391,,,8.061749571183533,8261,GBR,,
Chechen Republic,Russia,2020-07-22 01:35:34,43.39761470000001,45.6985005,1937,30,1312,595.0,,134.79649348182056,,,1.5487867836861124,64311,RUS,,
Chelyabinsk Oblast,Russia,2020-07-22 01:35:34,54.4223954,61.1865846,9946,88,5622,4236.0,,284.7379757895424,,,0.8847778001206515,64312,RUS,,
Cherkasy Oblast,Ukraine,2020-07-22 01:35:34,49.4444,32.0598,847,35,622,190.0,,70.21173771149525,,,4.132231404958677,80401,UKR,,
Chernihiv Oblast,Ukraine,2020-07-22 01:35:34,51.4982,31.2893,649,15,309,325.0,,64.52927929047621,,,2.3112480739599386,80402,UKR,,
Chernivtsi Oblast,Ukraine,2020-07-22 01:35:34,48.2917,25.9352,5363,205,3579,1579.0,,593.0068754740848,,,3.8224874137609546,80403,UKR,,
Chhattisgarh,India,2020-07-22 01:35:34,21.264705,82.035366,5561,25,3944,1592.0,,18.891684876368853,,,0.44955943175687824,35607,IND,,
Chiapas,Mexico,2020-07-22 01:35:34,16.7569,-93.1292,5489,834,4448,207.0,,95.78793120929252,,,15.194024412461285,48405,MEX,,
Chiba,Japan,2020-07-22 01:35:34,35.510141,140.198917,1334,46,1014,274.0,,21.31200811837335,,,3.4482758620689653,39204,JPN,,
Chihuahua,Mexico,2020-07-22 01:35:34,28.63300000000001,-106.0691,4479,808,3128,543.0,,117.82231532029441,,,18.03974101361911,48406,MEX,,
Choco,Colombia,2020-07-22 01:35:34,5.2528,-76.82600000000002,2530,82,1534,914.0,,473.0510483783511,,,3.241106719367589,17013,COL,,
Chongqing,China,2020-07-22 01:35:34,30.0572,107.874,583,6,576,1.0,,1.8794326241134751,,,1.0291595197255574,15603,CHN,,
Chukotka Autonomous Okrug,Russia,2020-07-22 01:35:34,66.0006475,169.4900869,148,1,143,4.0,,299.910837318635,,,0.6756756756756757,64313,RUS,,
Chuvashia Republic,Russia,2020-07-22 01:35:34,55.4259922,47.0849429,6310,50,3405,2855.0,,512.5426746604912,,,0.7923930269413629,64314,RUS,,
Ciudad de Mexico,Mexico,2020-07-22 01:35:34,19.4326,-99.1332,64431,8354,49921,6156.0,,714.4199599829021,,,12.965808384162903,48407,MEX,,
Coahuila,Mexico,2020-07-22 01:35:34,27.0587,-101.7068,9909,491,6928,2490.0,,307.855296515385,,,4.955091331113129,48408,MEX,,
Colima,Mexico,2020-07-22 01:35:34,19.1223,-104.0072,1249,145,673,431.0,,159.07727538454287,,,11.609287429943954,48409,MEX,,
Coquimbo,Chile,2020-07-22 01:35:34,-29.959,-71.3389,4988,54,4092,842.0,,658.4070983360305,,,1.082598235765838,15207,CHL,,
Cordoba,Colombia,2020-07-22 01:35:34,8.0493,-75.574,2857,314,711,1832.0,,160.07548256566764,,,10.990549527476373,17014,COL,,
Crimea Republic*,Ukraine,2020-07-22 01:35:34,45.2835,34.2008,983,13,749,221.0,,51.365630801821155,,,1.3224821973550356,80404,UKR,,
Cundinamarca,Colombia,2020-07-22 01:35:34,5.026,-74.03,6037,138,2803,3096.0,,206.81315217912615,,,2.2859035945005797,17015,COL,,
Curacao,Netherlands,2020-07-22 01:35:34,12.1696,-68.99,28,1,24,3.0,,17.062766605728214,,,3.5714285714285716,531,CUW,,
Cusco,Peru,2020-07-22 01:35:34,-13.191068,-72.153609,2839,47,,2792.0,,209.19607987620662,,,1.6555125044029588,60408,PER,,
Dadra and Nagar Haveli and Daman and Diu,India,2020-07-22 01:35:34,20.194742,73.080901,684,2,448,234.0,,111.08873456288856,,,0.29239766081871343,35608,IND,,
Dagestan Republic,Russia,2020-07-22 01:35:34,43.05749160000001,47.1332224,8860,428,7638,794.0,,289.17534437487046,,,4.830699774266366,64315,RUS,,
Dalarna,Sweden,2020-07-22 01:35:34,61.0917,14.6664,1916,165,,1751.0,,665.3563267885792,,,8.611691022964509,75202,SWE,,
Delhi,India,2020-07-22 01:35:34,28.646519,77.10898,123747,3663,104918,15166.0,,661.3623850283808,,,2.9600717593153774,35609,IND,,
Distrito Federal,Brazil,2020-07-22 01:35:34,-15.7998,-47.8645,86076,1158,71570,13348.0,,2854.67162454548,,,1.3453227380454482,7607,BRA,,
Dnipropetrovsk Oblast,Ukraine,2020-07-22 01:35:34,48.4647,35.0462,1224,25,1067,132.0,,38.17273599654699,,,2.042483660130719,80405,UKR,,
Donetsk Oblast,Ukraine,2020-07-22 01:35:34,48.0159,37.8028,797,11,298,488.0,,19.131515607308,,,1.3801756587202008,80406,UKR,,
Drenthe,Netherlands,2020-07-22 01:35:34,52.862485,6.6184350000000025,540,41,,499.0,,109.3821528838402,,,7.592592592592593,52801,NLD,,
Durango,Mexico,2020-07-22 01:35:34,24.5593,-104.6588,3353,240,2460,653.0,,179.4011330147309,,,7.157769161944527,48410,MEX,,
Ehime,Japan,2020-07-22 01:35:34,33.624835,132.856842,83,5,77,1.0,,6.197660569811419,,,6.024096385542169,39205,JPN,,
Emilia-Romagna,Italy,2020-07-22 01:35:34,44.49436681,11.341720800000001,29238,4279,23662,1297.0,,655.6374211594767,,,14.635063957863055,38008,ITA,,
England,United Kingdom,2020-07-22 01:35:34,52.3555,-1.1743,254519,40828,,213691.0,,454.68333535796717,,,16.041238571580116,82601,GBR,,
Espirito Santo,Brazil,2020-07-22 01:35:34,-19.1834,-40.3089,72601,2280,51300,19021.0,,1806.601719482911,,,3.1404526108455806,7608,BRA,,
Extremadura,Spain,2020-07-22 01:35:34,39.4937,-6.0679,3278,519,2652,107.0,,307.670936641187,,,15.832824893227578,72412,ESP,,
Falkland Islands (Malvinas),United Kingdom,2020-07-22 01:35:34,-51.7963,-59.5236,13,0,13,0.0,,373.2414585127763,,,0.0,238,FLK,,
Faroe Islands,Denmark,2020-07-22 01:35:34,61.8926,-6.9118,191,0,188,3.0,,390.87281285173435,,,0.0,234,FRO,,
Flevoland,Netherlands,2020-07-22 01:35:34,52.550383,5.515162,983,92,,891.0,,232.37617045016677,,,9.35910478128179,52802,NLD,,
French Guiana,France,2020-07-22 01:35:34,4.0,-53.0,6851,39,4996,1816.0,,2293.743847972091,,,0.5692599620493358,254,GUF,,
French Polynesia,France,2020-07-22 01:35:34,-17.6797,-149.4068,62,0,60,2.0,,22.071597414063167,,,0.0,258,PYF,,
Friesland,Netherlands,2020-07-22 01:35:34,53.087337,5.7925,643,69,,574.0,,98.92962149803756,,,10.73094867807154,52803,NLD,,
Friuli Venezia Giulia,Italy,2020-07-22 01:35:34,45.6494354,13.76813649,3358,345,2914,99.0,,276.3285660209674,,,10.273972602739725,38006,ITA,,
Fujian,China,2020-07-22 01:35:34,26.0789,117.9874,363,1,361,1.0,,0.9210860187769602,,,0.27548209366391185,15604,CHN,,
Fukui,Japan,2020-07-22 01:35:34,35.846614,136.22465400000002,126,8,114,4.0,,16.407595935604093,,,6.349206349206349,39206,JPN,,
Fukuoka,Japan,2020-07-22 01:35:34,33.526032,130.666949,1109,33,864,212.0,,21.729423029935855,,,2.975653742110009,39207,JPN,,
Fukushima,Japan,2020-07-22 01:35:34,37.378867,140.223295,84,0,82,2.0,,4.551565169472652,,,0.0,39208,JPN,,
Galicia,Spain,2020-07-22 01:35:34,42.5751,-8.1339,9520,619,9204,-303.0,,352.5350118739865,,,6.5021008403361344,72413,ESP,,
Gansu,China,2020-07-22 01:35:34,35.7518,104.2861,167,2,165,0.0,,0.6332954114524081,,,1.1976047904191616,15605,CHN,,
Gavleborg,Sweden,2020-07-22 01:35:34,61.3012,16.1534,3058,152,,2906.0,,1064.088913014733,,,4.970568999345978,75203,SWE,,
Gelderland,Netherlands,2020-07-22 01:35:34,52.061738,5.939114,6544,684,,5860.0,,313.7176694382229,,,10.452322738386307,52804,NLD,,
Gibraltar,United Kingdom,2020-07-22 01:35:34,36.1408,-5.3536,180,0,180,0.0,,534.2673117449764,,,0.0,292,GIB,,
Gifu,Japan,2020-07-22 01:35:34,35.778671,137.055925,194,7,154,33.0,,9.765492273935147,,,3.6082474226804124,39209,JPN,,
Gilgit-Baltistan,Pakistan,2020-07-22 01:35:34,35.792146,74.982138,1868,43,1481,344.0,,184.29651612495857,,,2.3019271948608138,58603,PAK,,
Goa,India,2020-07-22 01:35:34,15.359682000000001,74.057396,3853,23,2361,1469.0,,242.89992119779353,,,0.5969374513366208,35610,IND,,
Goias,Brazil,2020-07-22 01:35:34,-15.827,-49.8362,43794,1154,14529,28111.0,,623.992463190087,,,2.635064164040736,7609,BRA,,
Gotland,Sweden,2020-07-22 01:35:34,57.4684,18.4867,206,6,,200.0,,345.1395637167845,,,2.912621359223301,75204,SWE,,
Greenland,Denmark,2020-07-22 01:35:34,71.7069,-42.6043,13,0,13,0.0,,22.898611991826957,,,0.0,304,GRL,,
Groningen,Netherlands,2020-07-22 01:35:34,53.217921999999994,6.741514,369,17,,352.0,,62.98368568921904,,,4.607046070460704,52805,NLD,,
Guadeloupe,France,2020-07-22 01:35:34,16.265,-61.551,195,14,172,9.0,,48.73452678774489,,,7.17948717948718,312,GLP,,
Guainia,Colombia,2020-07-22 01:35:34,2.5854,-68.5247,14,1,13,0.0,,29.097559961757494,,,7.142857142857143,17016,COL,,
Guanajuato,Mexico,2020-07-22 01:35:34,21.019,-101.2574,15564,761,11629,3174.0,,249.89663906361014,,,4.889488563351324,48411,MEX,,
Guangdong,China,2020-07-22 01:35:34,23.3417,113.4244,1650,8,1636,6.0,,1.4542570068746694,,,0.48484848484848486,15606,CHN,,
Guangxi,China,2020-07-22 01:35:34,23.8298,108.7881,254,2,252,0.0,,0.5156313438895656,,,0.7874015748031497,15607,CHN,,
Guaviare,Colombia,2020-07-22 01:35:34,1.0654,-73.2603,50,0,39,11.0,,60.410550098469194,,,0.0,17017,COL,,
Guerrero,Mexico,2020-07-22 01:35:34,17.4392,-99.5451,9277,1217,6943,1117.0,,253.6745484336,,,13.118465021019727,48412,MEX,,
Guizhou,China,2020-07-22 01:35:34,26.8154,106.8748,147,2,145,0.0,,0.4083333333333333,,,1.3605442176870748,15608,CHN,,
Gujarat,India,2020-07-22 01:35:34,22.694884,71.590923,49353,2162,35678,11513.0,,77.26811701561421,,,4.380686077847344,35611,IND,,
Gunma,Japan,2020-07-22 01:35:34,36.504478999999996,138.985605,169,19,136,14.0,,8.700325773144925,,,11.242603550295858,39210,JPN,,
Hainan,China,2020-07-22 01:35:34,19.1959,109.7453,171,6,165,0.0,,1.8308351177730193,,,3.508771929824561,15609,CHN,,
Halland,Sweden,2020-07-22 01:35:34,56.8967,12.8034,1692,78,,1614.0,,506.81747382042124,,,4.609929078014185,75205,SWE,,
Hamburg,Germany,2020-07-22 01:35:34,53.5511,9.9937,5243,261,4900,82.0,,284.76318706654814,,,4.978065992752241,27606,DEU,,
Haryana,India,2020-07-22 01:35:34,29.20004,76.332824,26858,355,20226,6277.0,,95.22529088422593,,,1.3217663266065978,35612,IND,,
Hebei,China,2020-07-22 01:35:34,37.8957,114.9042,349,6,340,3.0,,0.4618845950238221,,,1.7191977077363896,15610,CHN,,
Heilongjiang,China,2020-07-22 01:35:34,47.862,127.7615,947,13,934,0.0,,2.5099390405512856,,,1.3727560718057021,15611,CHN,,
Henan,China,2020-07-22 01:35:34,37.8957,114.9042,1276,22,1254,0.0,,1.3284747527329517,,,1.7241379310344827,15612,CHN,,
Hessen,Germany,2020-07-22 01:35:34,50.6521,9.1624,11430,515,10550,365.0,,182.41858313906474,,,4.505686789151356,27607,DEU,,
Hidalgo,Mexico,2020-07-22 01:35:34,20.0911,-98.7624,5599,903,3940,756.0,,181.4079381443967,,,16.127879978567602,48413,MEX,,
Himachal Pradesh,India,2020-07-22 01:35:34,31.927213000000002,77.233081,1631,11,1067,553.0,,21.88687398139146,,,0.674432863274065,35613,IND,,
Hiroshima,Japan,2020-07-22 01:35:34,34.605309000000005,132.788719,218,3,175,40.0,,7.774116969078628,,,1.3761467889908257,39211,JPN,,
Hokkaido,Japan,2020-07-22 01:35:34,43.385711,142.55231799999999,1352,102,1158,92.0,,25.752140599068696,,,7.544378698224852,39212,JPN,,
Hong Kong,China,2020-07-22 01:35:34,22.3,114.2,1655,10,1254,391.0,,,,,0.6042296072507553,,,,
Huancavelica,Peru,2020-07-22 01:35:34,-13.023888000000001,-75.00277,1312,28,,1284.0,,359.15685737749794,,,2.1341463414634148,60409,PER,,
Huanuco,Peru,2020-07-22 01:35:34,-9.421676,-76.040642,5108,138,,4970.0,,671.8400631329738,,,2.701644479248238,60410,PER,,
Hubei,China,2020-07-22 01:35:34,30.9756,112.2707,68135,4512,63623,0.0,,115.15125908399527,,,6.622147207749321,15613,CHN,,
Huila,Colombia,2020-07-22 01:35:34,2.5359,-75.5277,559,15,360,184.0,,50.80035551161138,,,2.6833631484794274,17018,COL,,
Hunan,China,2020-07-22 01:35:34,27.6104,111.7088,1019,4,1015,0.0,,1.4770256558921582,,,0.39254170755642787,15614,CHN,,
Hyogo,Japan,2020-07-22 01:35:34,35.039913,134.828057,853,45,703,105.0,,15.605019218139143,,,5.275498241500586,39213,JPN,,
Ibaraki,Japan,2020-07-22 01:35:34,36.303588,140.319591,230,10,194,26.0,,8.041094889464663,,,4.3478260869565215,39214,JPN,,
Ica,Peru,2020-07-22 01:35:34,-14.235097,-75.574821,10223,696,,9527.0,,1048.2977850697293,,,6.808177638657928,60411,PER,,
Ingushetia Republic,Russia,2020-07-22 01:35:34,43.11542075,45.01713552,3459,71,2607,781.0,,708.7490241638544,,,2.0526163631107255,64316,RUS,,
Inner Mongolia,China,2020-07-22 01:35:34,44.0935,113.9448,249,1,237,11.0,,0.9826361483820047,,,0.40160642570281124,15615,CHN,,
Irkutsk Oblast,Russia,2020-07-22 01:35:34,56.6370122,104.719221,11806,123,6564,5119.0,,491.05833761404546,,,1.0418431306115534,64317,RUS,,
Ishikawa,Japan,2020-07-22 01:35:34,36.769464,136.771027,306,27,270,9.0,,26.897575614271187,,,8.823529411764707,39215,JPN,,
Islamabad,Pakistan,2020-07-22 01:35:34,33.665087,73.121219,14625,160,11912,2553.0,,728.8549825274149,,,1.0940170940170941,58604,PAK,,
Isle of Man,United Kingdom,2020-07-22 01:35:34,54.2361,-4.5481,336,24,312,0.0,,395.14535704205474,,,7.142857142857143,833,IMN,,
Ivano-Frankivsk Oblast,Ukraine,2020-07-22 01:35:34,48.9226,24.7111,3611,123,1362,2126.0,,262.9524661169254,,,3.4062586541124342,80407,UKR,,
Ivanovo Oblast,Russia,2020-07-22 01:35:34,56.9167446,41.43521370000001,6059,65,4387,1607.0,,597.1540813249153,,,1.0727842878362766,64318,RUS,,
Iwate,Japan,2020-07-22 01:35:34,39.593287,141.361777,0,0,,0.0,,0.0,,,,39216,JPN,,
Jalisco,Mexico,2020-07-22 01:35:34,20.6595,-103.3494,10827,1289,7469,2069.0,,128.7442954219613,,,11.905421631107417,48414,MEX,,
Jammu and Kashmir,India,2020-07-22 01:35:34,33.75943,76.612638,14650,254,8274,6122.0,,107.67055309591426,,,1.733788395904437,35614,IND,,
Jamtland Harjedalen,Sweden,2020-07-22 01:35:34,63.1712,14.9592,1109,59,,1050.0,,847.7945111230028,,,5.320108205590622,75206,SWE,,
Jewish Autonomous Okrug,Russia,2020-07-22 01:35:34,48.57527615,132.66307460000002,509,7,423,79.0,,314.1703803375017,,,1.37524557956778,64319,RUS,,
Jharkhand,India,2020-07-22 01:35:34,23.654536,85.557631,5756,53,2810,2893.0,,14.914255468240771,,,0.920778318276581,35615,IND,,
Jiangsu,China,2020-07-22 01:35:34,32.9711,119.455,654,0,654,0.0,,0.8123214507514595,,,0.0,15616,CHN,,
Jiangxi,China,2020-07-22 01:35:34,27.614,115.7221,932,1,931,0.0,,2.0051635111876074,,,0.1072961373390558,15617,CHN,,
Jilin,China,2020-07-22 01:35:34,43.6661,126.1923,155,2,153,0.0,,0.5732248520710059,,,1.2903225806451613,15618,CHN,,
Jonkoping,Sweden,2020-07-22 01:35:34,57.3708,14.3439,4586,178,,4408.0,,1261.2795964785382,,,3.881378107283035,75207,SWE,,
Junin,Peru,2020-07-22 01:35:34,-11.541783,-74.876968,6172,295,,5877.0,,453.32354021300034,,,4.779650032404407,60412,PER,,
Kabardino-Balkarian Republic,Russia,2020-07-22 01:35:34,43.4806048,43.5978976,5823,64,5315,444.0,,672.5354227398514,,,1.0990898162459213,64320,RUS,,
Kagawa,Japan,2020-07-22 01:35:34,34.217292,133.969047,44,0,28,16.0,,4.600840489905861,,,0.0,39217,JPN,,
Kagoshima,Japan,2020-07-22 01:35:34,31.009484000000004,130.430665,172,0,101,71.0,,10.734749945858166,,,0.0,39218,JPN,,
Kaliningrad Oblast,Russia,2020-07-22 01:35:34,54.7293041,21.1489473,2729,43,2272,414.0,,274.3819368408776,,,1.5756687431293515,64321,RUS,,
Kalmar,Sweden,2020-07-22 01:35:34,57.235,16.1849,753,62,,691.0,,306.7884585611499,,,8.233731739707835,75208,SWE,,
Kalmykia Republic,Russia,2020-07-22 01:35:34,46.2313018,45.3275745,2371,34,1495,842.0,,860.8889195499123,,,1.4339940953184311,64322,RUS,,
Kaluga Oblast,Russia,2020-07-22 01:35:34,54.4382773,35.5272854,6957,54,5423,1480.0,,687.4125542460101,,,0.7761966364812419,64323,RUS,,
Kamchatka Krai,Russia,2020-07-22 01:35:34,57.1914882,160.03838190000005,3051,42,2316,693.0,,966.8617714073844,,,1.376597836774828,64324,RUS,,
Kanagawa,Japan,2020-07-22 01:35:34,35.415312,139.338983,2040,98,1614,328.0,,22.178088309668734,,,4.803921568627451,39219,JPN,,
Karachay-Cherkess Republic,Russia,2020-07-22 01:35:34,43.7368326,41.7267991,4259,20,2738,1501.0,,913.3507039384094,,,0.46959380136182205,64325,RUS,,
Karelia Republic,Russia,2020-07-22 01:35:34,62.61940309999999,33.4920267,1953,3,1120,830.0,,313.7430038362432,,,0.15360983102918588,64326,RUS,,
Karnataka,India,2020-07-22 01:35:34,14.705179999999999,76.166436,67420,1403,23795,42222.0,,99.78880946207497,,,2.0809848709581726,35616,IND,,
Kemerovo Oblast,Russia,2020-07-22 01:35:34,54.53357809999999,87.342861,2857,15,1606,1236.0,,106.01597030216963,,,0.5250262513125656,64327,RUS,,
Kerala,India,2020-07-22 01:35:34,10.450898,76.405749,13274,43,5616,7615.0,,37.182652961840326,,,0.3239415398523429,35617,IND,,
Khabarovsk Krai,Russia,2020-07-22 01:35:34,51.6312684,136.121524,6334,52,3300,2982.0,,476.8493911776087,,,0.8209662140827282,64328,RUS,,
Khakassia Republic,Russia,2020-07-22 01:35:34,53.72258845,91.44293627,2649,27,2139,483.0,,492.8252898069442,,,1.0192525481313703,64329,RUS,,
Khanty-Mansi Autonomous Okrug,Russia,2020-07-22 01:35:34,61.0259025,69.0982628,14442,106,9447,4889.0,,942.5397929701751,,,0.7339703642154827,64330,RUS,,
Kharkiv Oblast,Ukraine,2020-07-22 01:35:34,49.9935,36.2304,3082,118,1706,1258.0,,115.18920256331482,,,3.828682673588579,80408,UKR,,
Kherson Oblast,Ukraine,2020-07-22 01:35:34,46.6354,32.6169,216,3,193,20.0,,20.816468139239042,,,1.3888888888888888,80409,UKR,,
Khmelnytskyi Oblast,Ukraine,2020-07-22 01:35:34,49.423,26.9871,991,23,826,142.0,,78.3581942033913,,,2.320887991927346,80410,UKR,,
Khyber Pakhtunkhwa,Pakistan,2020-07-22 01:35:34,34.485332,72.09169,32243,1147,25367,5729.0,,105.6338108919883,,,3.557361287721366,58605,PAK,,
Kiev,Ukraine,2020-07-22 01:35:34,50.4501,30.5234,7034,128,2455,4451.0,,238.37603361800188,,,1.8197327267557577,80411,UKR,,
Kiev Oblast,Ukraine,2020-07-22 01:35:34,50.053000000000004,30.7667,3332,59,2307,966.0,,188.467934432164,,,1.7707082833133254,80412,UKR,,
Kirov Oblast,Russia,2020-07-22 01:35:34,57.9665589,49.4074599,4256,54,3928,274.0,,331.6610013107467,,,1.268796992481203,64331,RUS,,
Kirovohrad Oblast,Ukraine,2020-07-22 01:35:34,48.5079,32.2623,686,33,612,41.0,,72.55044423927264,,,4.810495626822157,80413,UKR,,
Kochi,Japan,2020-07-22 01:35:34,33.422519,133.367307,76,3,71,2.0,,10.887799790553114,,,3.9473684210526314,39220,JPN,,
Komi Republic,Russia,2020-07-22 01:35:34,63.9881421,54.3326073,4819,40,2866,1913.0,,573.0948668823949,,,0.8300477277443453,64332,RUS,,
Kostroma Oblast,Russia,2020-07-22 01:35:34,58.424756,44.2533273,2005,24,1352,629.0,,311.6625526173437,,,1.1970074812967582,64333,RUS,,
Krasnodar Krai,Russia,2020-07-22 01:35:34,45.7684014,39.0261044,7340,98,6252,990.0,,130.99143023367873,,,1.335149863760218,64334,RUS,,
Krasnoyarsk Krai,Russia,2020-07-22 01:35:34,63.3233807,97.0979974,11655,276,9118,2261.0,,405.1803287123192,,,2.368082368082368,64335,RUS,,
Kronoberg,Sweden,2020-07-22 01:35:34,56.7183,14.4115,1119,102,,1017.0,,555.4204368910354,,,9.115281501340483,75209,SWE,,
Kumamoto,Japan,2020-07-22 01:35:34,32.608154,130.74523100000002,51,3,46,2.0,,2.918343044930466,,,5.882352941176471,39221,JPN,,
Kurgan Oblast,Russia,2020-07-22 01:35:34,55.7655302,64.5632681,1850,3,917,930.0,,218.79586582254828,,,0.16216216216216217,64336,RUS,,
Kursk Oblast,Russia,2020-07-22 01:35:34,51.6568453,36.4852695,5921,49,4236,1636.0,,530.918540184732,,,0.8275629116703259,64337,RUS,,
Kyoto,Japan,2020-07-22 01:35:34,35.253815,135.443341,586,18,403,165.0,,22.687175976990712,,,3.0716723549488054,39222,JPN,,
La Guajira,Colombia,2020-07-22 01:35:34,11.3548,-72.5205,1578,81,490,1007.0,,179.2041428182066,,,5.133079847908745,17019,COL,,
La Libertad,Peru,2020-07-22 01:35:34,-7.92139,-78.370238,13355,917,,12438.0,,662.1876239587465,,,6.866342193934856,60413,PER,,
La Rioja,Spain,2020-07-22 01:35:34,42.2871,-2.5396,4128,366,3107,655.0,,1316.4482684942166,,,8.866279069767442,72419,ESP,,
Ladakh,India,2020-07-22 01:35:34,34.1526,77.5771,1195,2,1007,186.0,,435.6718643474583,,,0.16736401673640167,35618,IND,,
Lambayeque,Peru,2020-07-22 01:35:34,-6.3530489999999995,-79.824113,15922,829,,15093.0,,1214.6780592004882,,,5.20663233262153,60414,PER,,
Lazio,Italy,2020-07-22 01:35:34,41.89277044,12.48366722,8456,853,6722,881.0,,143.83197921035972,,,10.087511825922421,38012,ITA,,
Leningrad Oblast,Russia,2020-07-22 01:35:34,60.1853296,32.3925325,5449,47,4371,1031.0,,300.41635976306304,,,0.8625435859790788,64338,RUS,,
Liaoning,China,2020-07-22 01:35:34,41.2956,122.6085,164,2,150,12.0,,0.3762330809818766,,,1.2195121951219512,15619,CHN,,
Liguria,Italy,2020-07-22 01:35:34,44.41149315,8.9326992,10117,1565,8362,190.0,,652.4402827219728,,,15.469012553128398,38007,ITA,,
Lima,Peru,2020-07-22 01:35:34,-11.766533,-76.60449799999998,193540,6320,,187220.0,,1820.9530978030766,,,3.265474837242947,60415,PER,,
Limburg,Netherlands,2020-07-22 01:35:34,51.209227,5.93387,4898,753,,4145.0,,438.41707982717526,,,15.37362188648428,52806,NLD,,
Lipetsk Oblast,Russia,2020-07-22 01:35:34,52.6935178,39.1122664,4423,20,3389,1014.0,,384.5414844883633,,,0.4521817770743839,64339,RUS,,
Lombardia,Italy,2020-07-22 01:35:34,45.46679409,9.190347404,95582,16797,71775,7010.0,,950.0650758097897,,,17.573392479755604,38003,ITA,,
Loreto,Peru,2020-07-22 01:35:34,-4.124847,-74.424115,10384,371,,10013.0,,1010.5099260412612,,,3.572804314329738,60416,PER,,
Los Lagos,Chile,2020-07-22 01:35:34,-41.9198,-72.1416,2860,32,2306,522.0,,345.1155292334574,,,1.118881118881119,15208,CHL,,
Los Rios,Chile,2020-07-22 01:35:34,-40.231,-72.3311,847,13,751,83.0,,220.09318230835393,,,1.5348288075560803,15209,CHL,,
Luhansk Oblast,Ukraine,2020-07-22 01:35:34,48.574,39.3078,110,1,83,26.0,,5.111920860029565,,,0.9090909090909091,80414,UKR,,
Lviv Oblast,Ukraine,2020-07-22 01:35:34,49.8397,24.0297,8229,212,1709,6308.0,,326.28594290055474,,,2.5762547089561307,80415,UKR,,
Macau,China,2020-07-22 01:35:34,22.1667,113.55,46,0,45,1.0,,,,,0.0,,,,
Madhya Pradesh,India,2020-07-22 01:35:34,23.541513000000002,78.289633,23310,738,15684,6888.0,,27.3082036549998,,,3.166023166023166,35619,IND,,
Madre de Dios,Peru,2020-07-22 01:35:34,-11.972699,-70.53171999999998,2700,84,,2616.0,,1553.5097813578827,,,3.111111111111111,60417,PER,,
Madrid,Spain,2020-07-22 01:35:34,40.4168,-3.7038,73445,8448,40736,24261.0,,1105.8247733356582,,,11.502484852610797,72414,ESP,,
Magadan Oblast,Russia,2020-07-22 01:35:34,62.48858785,153.9903764,1168,7,773,388.0,,810.5988576663359,,,0.5993150684931506,64340,RUS,,
Magallanes,Chile,2020-07-22 01:35:34,-52.368,-70.9863,1612,28,1503,81.0,,967.976317006239,,,1.7369727047146402,15210,CHL,,
Magdalena,Colombia,2020-07-22 01:35:34,10.4113,-74.4057,4348,271,1821,2256.0,,324.05537262641366,,,6.232750689972401,17020,COL,,
Maharashtra,India,2020-07-22 01:35:34,19.449759,76.108221,318695,12030,175029,131636.0,,258.7981735854552,,,3.7747689797455246,35620,IND,,
Manipur,India,2020-07-22 01:35:34,24.738975,93.882541,1925,0,1307,618.0,,62.26660132716813,,,0.0,35621,IND,,
Manitoba,Canada,2020-07-22 01:35:34,53.7609,-98.8139,366,7,318,41.0,,26.569545058246106,,,1.9125683060109289,12403,CAN,,
Maranhao,Brazil,2020-07-22 01:35:34,-4.9609,-45.2744,108154,2778,91442,13934.0,,1528.639337990081,,,2.5685596464300904,7610,BRA,,
Marche,Italy,2020-07-22 01:35:34,43.61675973,13.5188753,6813,987,5682,144.0,,446.6747220657837,,,14.487010127697049,38011,ITA,,
Mari El Republic,Russia,2020-07-22 01:35:34,56.5767504,47.8817512,3548,31,2976,541.0,,519.9807132294642,,,0.8737316798196166,64341,RUS,,
Martinique,France,2020-07-22 01:35:34,14.6415,-61.0242,262,15,98,149.0,,69.81732908744488,,,5.7251908396946565,474,MTQ,,
Mato Grosso,Brazil,2020-07-22 01:35:34,-12.6819,-56.9211,37077,1400,17727,17950.0,,1064.0654837785762,,,3.7759257760876013,7611,BRA,,
Mato Grosso do Sul,Brazil,2020-07-22 01:35:34,-20.7722,-54.7852,17386,248,11607,5531.0,,625.6238786377477,,,1.4264350626941218,7612,BRA,,
Maule,Chile,2020-07-22 01:35:34,-35.5183,-71.6885,8009,131,6863,1015.0,,766.4481554141347,,,1.635659882632039,15211,CHL,,
Mayotte,France,2020-07-22 01:35:34,-12.8275,45.166244,2824,38,2614,172.0,,1035.1412872553726,,,1.3456090651558075,175,MYT,,
Mecklenburg-Vorpommern,Germany,2020-07-22 01:35:34,53.6127,12.4296,811,20,784,7.0,,50.382841256775436,,,2.466091245376079,27608,DEU,,
Meghalaya,India,2020-07-22 01:35:34,25.536934,91.278882,466,4,66,396.0,,13.841406001704929,,,0.8583690987124464,35622,IND,,
Melilla,Spain,2020-07-22 01:35:34,35.2923,-2.9381,129,2,125,2.0,,152.32202529254096,,,1.550387596899225,72415,ESP,,
Meta,Colombia,2020-07-22 01:35:34,3.272,-73.0877,1975,21,1331,623.0,,189.95462248562598,,,1.0632911392405062,17021,COL,,
Metropolitana,Chile,2020-07-22 01:35:34,-33.4376,-70.6505,247622,7096,231618,8908.0,,3481.3536369883736,,,2.8656581402298666,15212,CHL,,
Mexico,Mexico,2020-07-22 01:35:34,19.4969,-99.7233,47253,5814,37104,4335.0,,271.13592716001284,,,12.303980699638117,48415,MEX,,
Michoacan,Mexico,2020-07-22 01:35:34,19.5665,-101.7068,8229,644,6835,750.0,,170.53504983316412,,,7.825981285696925,48416,MEX,,
Mie,Japan,2020-07-22 01:35:34,34.508018,136.376013,57,1,46,10.0,,3.2006612453829058,,,1.7543859649122806,39223,JPN,,
Minas Gerais,Brazil,2020-07-22 01:35:34,-18.5122,-44.555,95566,2071,68223,25272.0,,451.4476051088605,,,2.167088713559216,7613,BRA,,
Miyagi,Japan,2020-07-22 01:35:34,38.446859,140.927086,136,1,104,31.0,,5.896724932957272,,,0.7352941176470589,39224,JPN,,
Miyazaki,Japan,2020-07-22 01:35:34,32.193203999999994,131.299374,20,0,18,2.0,,1.8634101710517366,,,0.0,39225,JPN,,
Mizoram,India,2020-07-22 01:35:34,23.309381,92.83821999999999,297,0,168,129.0,,23.96622456917282,,,0.0,35623,IND,,
Molise,Italy,2020-07-22 01:35:34,41.55774754,14.65916051,446,23,415,8.0,,145.9342903045315,,,5.15695067264574,38014,ITA,,
Montserrat,United Kingdom,2020-07-22 01:35:34,16.742498,-62.187366000000004,12,1,10,1.0,,240.04800960192037,,,8.333333333333334,500,MSR,,
Moquegua,Peru,2020-07-22 01:35:34,-16.860271,-70.839046,1995,46,,1949.0,,1035.2880124545927,,,2.305764411027569,60418,PER,,
Mordovia Republic,Russia,2020-07-22 01:35:34,54.4419829,44.4661144,4157,32,3046,1079.0,,516.361594721361,,,0.7697859032956459,64342,RUS,,
Morelos,Mexico,2020-07-22 01:35:34,18.6813,-99.1013,3683,788,2627,268.0,,180.18079721808286,,,21.39560141189248,48417,MEX,,
Moscow,Russia,2020-07-22 01:35:34,55.7504461,37.6174943,234725,4331,171771,58623.0,,1876.8288536779528,,,1.8451379273618063,64343,RUS,,
Moscow Oblast,Russia,2020-07-22 01:35:34,55.50431579999999,38.0353929,62045,1067,43919,17059.0,,826.8934620841127,,,1.719719558385043,64344,RUS,,
Murcia,Spain,2020-07-22 01:35:34,37.9922,-1.1307,1852,148,2180,-476.0,,124.4905600260274,,,7.991360691144709,72416,ESP,,
Murmansk Oblast,Russia,2020-07-22 01:35:34,68.00004179999999,33.9999151,8616,55,4471,4090.0,,1143.3773423908212,,,0.638347260909935,64345,RUS,,
Mykolaiv Oblast,Ukraine,2020-07-22 01:35:34,46.975,31.9946,524,12,409,103.0,,20.77698797908503,,,2.2900763358778624,80416,UKR,,
Nagaland,India,2020-07-22 01:35:34,26.06702,94.470302,1021,0,484,537.0,,45.38392982159804,,,0.0,35624,IND,,
Nagano,Japan,2020-07-22 01:35:34,36.132134,138.045528,87,0,77,10.0,,4.246408855958883,,,0.0,39226,JPN,,
Nagasaki,Japan,2020-07-22 01:35:34,33.235712,129.608033,47,1,17,29.0,,3.5430945840406958,,,2.127659574468085,39227,JPN,,
Nara,Japan,2020-07-22 01:35:34,34.317451,135.871644,163,2,105,56.0,,12.25450578630698,,,1.2269938650306749,39228,JPN,,
Narino,Colombia,2020-07-22 01:35:34,1.2892,-77.3579,5651,172,3227,2252.0,,346.5612489206374,,,3.043709078039285,17022,COL,,
Navarra,Spain,2020-07-22 01:35:34,42.6954,-1.6761,5956,529,3905,1522.0,,916.383822656036,,,8.881799865681666,72417,ESP,,
Nayarit,Mexico,2020-07-22 01:35:34,21.7514,-104.8455,2870,291,2025,554.0,,222.72734680510425,,,10.139372822299652,48418,MEX,,
Nenets Autonomous Okrug,Russia,2020-07-22 01:35:34,68.27557185,57.1686375,260,0,52,208.0,,590.9493829124713,,,0.0,64346,RUS,,
New Brunswick,Canada,2020-07-22 01:35:34,46.5653,-66.4619,170,2,163,5.0,,21.795067391630436,,,1.1764705882352942,12404,CAN,,
New Caledonia,France,2020-07-22 01:35:34,-20.904304999999997,165.618042,22,0,21,1.0,,7.706022256393371,,,0.0,540,NCL,,
New South Wales,Australia,2020-07-22 01:35:34,-33.8688,151.2093,3614,49,2988,577.0,,44.51835427445184,,,1.3558384061981184,3602,AUS,,
Newfoundland and Labrador,Canada,2020-07-22 01:35:34,53.1355,-57.6604,263,3,259,1.0,,50.444506248022016,,,1.1406844106463878,12405,CAN,,
Niedersachsen,Germany,2020-07-22 01:35:34,52.6367,9.8451,14059,648,13111,300.0,,176.1239158714219,,,4.609147165516751,27609,DEU,,
Niigata,Japan,2020-07-22 01:35:34,37.521819,138.918647,89,0,84,5.0,,4.003407844700162,,,0.0,39229,JPN,,
Ningxia,China,2020-07-22 01:35:34,37.2692,106.1655,75,0,75,0.0,,1.0901162790697674,,,0.0,15620,CHN,,
Nizhny Novgorod Oblast,Russia,2020-07-22 01:35:34,55.47180329999999,44.0911594,22010,346,16238,5426.0,,680.4231050788437,,,1.5720127214902317,64347,RUS,,
Noord-Brabant,Netherlands,2020-07-22 01:35:34,51.561174,5.1849419999999995,9819,1535,,8284.0,,383.11246198236023,,,15.632956512883185,52807,NLD,,
Noord-Holland,Netherlands,2020-07-22 01:35:34,52.60090600000001,4.9186879999999995,7592,814,,6778.0,,263.654412686528,,,10.721812434141201,52808,NLD,,
Nordrhein-Westfalen,Germany,2020-07-22 01:35:34,51.4332,7.6616,46213,1714,42500,1999.0,,257.70311372256117,,,3.7089130764070717,27610,DEU,,
Norrbotten,Sweden,2020-07-22 01:35:34,66.8309,20.3992,1544,76,,1468.0,,617.3703382341769,,,4.922279792746114,75210,SWE,,
Norte de Santander,Colombia,2020-07-22 01:35:34,7.9463,-72.8988,884,37,300,547.0,,59.26168256251806,,,4.1855203619909505,17023,COL,,
North Ossetia - Alania Republic,Russia,2020-07-22 01:35:34,42.79336110000001,44.6324493,4384,67,3749,568.0,,624.7105512529123,,,1.5282846715328466,64348,RUS,,
Northern Ireland,United Kingdom,2020-07-22 01:35:34,54.7877,-6.4923,5859,556,,5303.0,,311.38392857142856,,,9.489674005803039,82602,GBR,,
Northern Territory,Australia,2020-07-22 01:35:34,-12.4634,130.8456,31,0,30,1.0,,12.62214983713355,,,0.0,3603,AUS,,
Northwest Territories,Canada,2020-07-22 01:35:34,64.8255,-124.8457,5,0,5,0.0,,11.13486549082487,,,0.0,12406,CAN,,
Nova Scotia,Canada,2020-07-22 01:35:34,44.681999999999995,-63.7443,1067,63,1003,1.0,,109.1608121891807,,,5.904404873477039,12407,CAN,,
Novgorod Oblast,Russia,2020-07-22 01:35:34,58.2843833,32.5169757,3569,65,1977,1527.0,,588.4816546738865,,,1.8212384421406556,64349,RUS,,
Novosibirsk Oblast,Russia,2020-07-22 01:35:34,54.9720169,79.48139240000002,8288,177,6299,1812.0,,297.18353342185253,,,2.1356177606177607,64350,RUS,,
Nuble,Chile,2020-07-22 01:35:34,-36.7226,-71.7622,3273,54,2805,414.0,,681.0109673351935,,,1.6498625114573786,15213,CHL,,
Nuevo Leon,Mexico,2020-07-22 01:35:34,25.5922,-99.9962,13021,749,8671,3601.0,,232.09705688953582,,,5.752246371246448,48419,MEX,,
OHiggins,Chile,2020-07-22 01:35:34,-34.5755,-71.0022,9559,183,8209,1167.0,,1045.2077786464456,,,1.9144261952087038,15214,CHL,,
Oaxaca,Mexico,2020-07-22 01:35:34,17.0732,-96.7266,8949,818,7439,692.0,,215.97198373488902,,,9.140686110179908,48420,MEX,,
Odessa Oblast,Ukraine,2020-07-22 01:35:34,46.4846,30.7326,2638,37,1129,1472.0,,110.82599394700182,,,1.4025777103866566,80417,UKR,,
Odisha,India,2020-07-22 01:35:34,20.505428,84.418059,18110,97,12910,5103.0,,39.06693743297302,,,0.5356156819436775,35625,IND,,
Oita,Japan,2020-07-22 01:35:34,33.200697,131.43323999999998,60,1,59,0.0,,5.284322998958988,,,1.6666666666666667,39230,JPN,,
Okayama,Japan,2020-07-22 01:35:34,34.89246,133.826252,44,0,30,14.0,,2.3285523918996014,,,0.0,39231,JPN,,
Okinawa,Japan,2020-07-22 01:35:34,25.768923,126.668016,158,7,142,9.0,,10.87279653832179,,,4.430379746835443,39232,JPN,,
Omsk Oblast,Russia,2020-07-22 01:35:34,56.09352629999999,73.5099936,5607,54,3290,2263.0,,286.0596067203345,,,0.9630818619582665,64351,RUS,,
Ontario,Canada,2020-07-22 01:35:34,51.2538,-85.3232,39718,2798,35096,1824.0,,269.97326708640605,,,7.044664887456569,12408,CAN,,
Orebro,Sweden,2020-07-22 01:35:34,59.535,15.0066,2458,171,,2287.0,,806.4172175653287,,,6.956875508543531,75211,SWE,,
Orel Oblast,Russia,2020-07-22 01:35:34,52.96854329999999,36.0692477,5378,78,3950,1350.0,,719.7084765813713,,,1.4503532911863146,64352,RUS,,
Orenburg Oblast,Russia,2020-07-22 01:35:34,52.02692620000001,54.7276647,5815,36,4213,1566.0,,294.0254434399207,,,0.6190885640584695,64353,RUS,,
Osaka,Japan,2020-07-22 01:35:34,34.620965000000005,135.507481,2541,86,1931,524.0,,28.844310309383324,,,3.3844942935852025,39233,JPN,,
Ostergotland,Sweden,2020-07-22 01:35:34,58.3454,15.5198,3469,239,,3230.0,,745.2281979398275,,,6.8895935428077255,75212,SWE,,
Overijssel,Netherlands,2020-07-22 01:35:34,52.444557999999994,6.441722,3156,311,,2845.0,,271.50582498713874,,,9.85424588086185,52809,NLD,,
P.A. Bolzano,Italy,2020-07-22 01:35:34,46.49933453,11.35662422,2685,292,2294,99.0,,504.39774721125343,,,10.875232774674116,38041,ITA,,
P.A. Trento,Italy,2020-07-22 01:35:34,46.06893511,11.12123097,4891,405,4464,22.0,,903.3685618136079,,,8.280515232058884,38042,ITA,,
Pais Vasco,Spain,2020-07-22 01:35:34,42.9896,-2.6189,14717,1563,16160,-3006.0,,675.7488934192885,,,10.62037099952436,72418,ESP,,
Para,Brazil,2020-07-22 01:35:34,-1.9981,-54.9306,140388,5553,127679,7156.0,,1631.8749625851387,,,3.9554662791691597,7614,BRA,,
Paraiba,Brazil,2020-07-22 01:35:34,-7.24,-36.782,68844,1558,25028,42258.0,,1713.3355914335211,,,2.2630875602812157,7615,BRA,,
Parana,Brazil,2020-07-22 01:35:34,-25.2521,-52.0215,57538,1415,20564,35559.0,,503.2203636938638,,,2.4592443254892418,7616,BRA,,
Pasco,Peru,2020-07-22 01:35:34,-10.39655,-75.307635,1504,38,,1466.0,,553.1445384332475,,,2.526595744680851,60419,PER,,
Penza Oblast,Russia,2020-07-22 01:35:34,53.1655415,44.78791810000001,6068,74,5293,701.0,,455.67357911771444,,,1.2195121951219512,64354,RUS,,
Perm Krai,Russia,2020-07-22 01:35:34,58.5951603,56.3159546,5142,109,4051,982.0,,196.0259568559907,,,2.119797744068456,64355,RUS,,
Pernambuco,Brazil,2020-07-22 01:35:34,-8.8137,-36.9541,80441,6089,56615,17737.0,,841.6909322950515,,,7.569523004438035,7617,BRA,,
Piaui,Brazil,2020-07-22 01:35:34,-7.7183,-42.7289,40276,1140,38256,880.0,,1230.4676699782813,,,2.83046975866521,7618,BRA,,
Piemonte,Italy,2020-07-22 01:35:34,45.0732745,7.680687483,31545,4123,26609,813.0,,724.1060635762599,,,13.070217150103028,38001,ITA,,
Piura,Peru,2020-07-22 01:35:34,-5.133361,-80.335861,19782,886,,18896.0,,965.91796875,,,4.478819128500657,60420,PER,,
Poltava Oblast,Ukraine,2020-07-22 01:35:34,49.5883,34.5514,356,13,313,30.0,,25.42060025463444,,,3.651685393258427,80418,UKR,,
Port Quarantine,Japan,2020-07-22 01:35:34,,,488,1,219,268.0,,,,,0.20491803278688525,39248,JPN,,
Primorsky Krai,Russia,2020-07-22 01:35:34,45.0819456,134.726645,5734,65,4256,1413.0,,299.73283318618513,,,1.1335891175444717,64356,RUS,,
Prince Edward Island,Canada,2020-07-22 01:35:34,46.5107,-63.4168,36,0,33,3.0,,22.762048078503774,,,0.0,12409,CAN,,
Pskov Oblast,Russia,2020-07-22 01:35:34,57.5358729,28.8586826,3437,46,2247,1144.0,,539.9452671134529,,,1.338376491125982,64357,RUS,,
Puducherry,India,2020-07-22 01:35:34,11.882658000000001,78.86498,2092,29,1265,798.0,,147.99701742148446,,,1.3862332695984703,35626,IND,,
Puebla,Mexico,2020-07-22 01:35:34,19.0414,-98.2063,16602,2026,12369,2207.0,,251.37592814300538,,,12.203348994097096,48421,MEX,,
Puglia,Italy,2020-07-22 01:35:34,41.12559576,16.86736689,4556,548,3948,60.0,,113.07868126827817,,,12.028094820017559,38016,ITA,,
Punjab,India,2020-07-22 01:35:34,30.841465000000003,75.40879,10510,262,7118,3130.0,,34.86901542275463,,,2.4928639391056135,35627,IND,,
Punjab,Pakistan,2020-07-22 01:35:34,30.811346,72.13913199999998,90444,2090,66021,22333.0,,82.2125191985103,,,2.310822166202291,58606,PAK,,
Puno,Peru,2020-07-22 01:35:34,-14.995826999999998,-69.922726,1450,51,,1399.0,,117.12439418416801,,,3.5172413793103448,60421,PER,,
Putumayo,Colombia,2020-07-22 01:35:34,0.436,-75.5277,292,17,16,259.0,,83.86418597170446,,,5.821917808219178,17024,COL,,
Qinghai,China,2020-07-22 01:35:34,35.7452,95.9956,18,0,18,0.0,,0.29850746268656714,,,0.0,15621,CHN,,
Quebec,Canada,2020-07-22 01:35:34,52.9399,-73.5491,57796,5658,50298,1840.0,,676.9525282881497,,,9.789604816942349,12410,CAN,,
Queensland,Australia,2020-07-22 01:35:34,-27.4698,153.0251,1072,6,1061,5.0,,20.955918287557424,,,0.5597014925373134,3604,AUS,,
Queretaro,Mexico,2020-07-22 01:35:34,20.5888,-100.3899,3008,419,2189,400.0,,131.9508325228973,,,13.929521276595745,48422,MEX,,
Quindio,Colombia,2020-07-22 01:35:34,4.461,-75.6674,215,6,166,43.0,,39.821894262683735,,,2.7906976744186047,17025,COL,,
Quintana Roo,Mexico,2020-07-22 01:35:34,19.1817,-88.4791,6370,822,4358,1190.0,,369.64843938142786,,,12.904238618524333,48423,MEX,,
Rajasthan,India,2020-07-22 01:35:34,26.583423,73.847973,30390,568,22195,7627.0,,37.503383356808015,,,1.8690358670615335,35628,IND,,
Reunion,France,2020-07-22 01:35:34,-21.1151,55.5364,639,3,472,164.0,,71.37208647750272,,,0.4694835680751174,638,REU,,
Rheinland-Pfalz,Germany,2020-07-22 01:35:34,50.1183,7.309,7338,238,6828,272.0,,179.63966310586156,,,3.2433905696375036,27611,DEU,,
Rio Grande do Norte,Brazil,2020-07-22 01:35:34,-5.4026,-36.9541,44267,1621,3441,39205.0,,1262.2998454739904,,,3.661870016039036,7620,BRA,,
Rio Grande do Sul,Brazil,2020-07-22 01:35:34,-30.0346,-51.2177,49840,1349,42753,5738.0,,438.0676190418431,,,2.706661316211878,7621,BRA,,
Rio de Janeiro,Brazil,2020-07-22 01:35:34,-22.9068,-43.1729,145121,12293,124686,8142.0,,840.5530212292042,,,8.470862245987831,7619,BRA,,
Risaralda,Colombia,2020-07-22 01:35:34,5.3158,-75.9928,1005,21,525,459.0,,106.52946096092754,,,2.08955223880597,17026,COL,,
Rivne Oblast,Ukraine,2020-07-22 01:35:34,50.6199,26.2516,5183,89,3853,1241.0,,447.85237375583364,,,1.7171522284391278,80419,UKR,,
Rondonia,Brazil,2020-07-22 01:35:34,-11.5057,-63.5806,30642,727,18142,11773.0,,1724.148602456076,,,2.372560537823902,7622,BRA,,
Roraima,Brazil,2020-07-22 01:35:34,-2.7376,-62.0751,25985,435,8455,17095.0,,4289.645586295585,,,1.6740427169520877,7623,BRA,,
Rostov Oblast,Russia,2020-07-22 01:35:34,47.6222451,40.7957942,11657,187,9152,2318.0,,276.2026436978788,,,1.6041863258128164,64358,RUS,,
Ryazan Oblast,Russia,2020-07-22 01:35:34,54.42267320000001,40.57052460000001,5992,24,5170,798.0,,534.2968272113308,,,0.40053404539385845,64359,RUS,,
Saarland,Germany,2020-07-22 01:35:34,49.3964,7.023,2832,174,2602,56.0,,285.91360603487703,,,6.1440677966101696,27612,DEU,,
Sachsen,Germany,2020-07-22 01:35:34,51.1045,13.2017,5501,225,5235,41.0,,134.8966401393646,,,4.090165424468278,27613,DEU,,
Sachsen-Anhalt,Germany,2020-07-22 01:35:34,51.9503,11.6923,1963,62,1850,51.0,,88.89106248593389,,,3.1584309730005096,27614,DEU,,
Saga,Japan,2020-07-22 01:35:34,33.286977,130.115738,47,0,47,0.0,,5.768916830630739,,,0.0,39234,JPN,,
Saint Barthelemy,France,2020-07-22 01:35:34,17.9,-62.8333,6,0,6,0.0,,60.69802731411229,,,0.0,652,BLM,,
Saint Petersburg,Russia,2020-07-22 01:35:34,59.9606739,30.158655100000004,29730,1834,22518,5378.0,,555.5000200861931,,,6.168853010427178,64360,RUS,,
Saint Pierre and Miquelon,France,2020-07-22 01:35:34,46.8852,-56.3159,4,0,1,3.0,,69.02502157031924,,,0.0,666,SPM,,
Saitama,Japan,2020-07-22 01:35:34,35.997101,139.347635,1832,69,1292,471.0,,24.926211203651636,,,3.7663755458515285,39235,JPN,,
Sakha (Yakutiya) Republic,Russia,2020-07-22 01:35:34,66.941626,129.642371,5283,40,4884,359.0,,547.8415065382183,,,0.7571455612341472,64361,RUS,,
Sakhalin Oblast,Russia,2020-07-22 01:35:34,49.7219665,143.448533,1926,0,627,1299.0,,392.9160860988084,,,0.0,64362,RUS,,
Samara Oblast,Russia,2020-07-22 01:35:34,53.2128813,50.8914633,6437,76,4061,2300.0,,201.5647966472043,,,1.1806742271244368,64363,RUS,,
San Andres y Providencia,Colombia,2020-07-22 01:35:34,12.5567,-81.7185,30,0,23,7.0,,48.9556135770235,,,0.0,17027,COL,,
San Luis Potosi,Mexico,2020-07-22 01:35:34,22.1565,-100.9855,6228,334,3686,2208.0,,217.29558409876412,,,5.362877328195247,48424,MEX,,
San Martin,Peru,2020-07-22 01:35:34,-7.039531,-76.729127,7109,198,,6911.0,,790.2401067140952,,,2.7852018568012378,60422,PER,,
Santa Catarina,Brazil,2020-07-22 01:35:34,-27.2423,-50.2189,56475,738,45061,10676.0,,788.22988202861,,,1.3067729083665338,7624,BRA,,
Santander,Colombia,2020-07-22 01:35:34,6.6437,-73.6536,1998,48,682,1268.0,,91.44846961123416,,,2.4024024024024024,17028,COL,,
Sao Paulo,Brazil,2020-07-22 01:35:34,-23.5505,-46.6333,422669,20171,290346,112152.0,,920.4654913476104,,,4.772292266525342,7625,BRA,,
Saratov Oblast,Russia,2020-07-22 01:35:34,51.6520555,46.86319520000001,8443,53,4834,3556.0,,342.80030045270917,,,0.6277389553476252,64364,RUS,,
Sardegna,Italy,2020-07-22 01:35:34,39.21531192,9.110616306,1379,134,1233,12.0,,84.10634115459283,,,9.71718636693256,38020,ITA,,
Saskatchewan,Canada,2020-07-22 01:35:34,52.9399,-106.4509,970,15,813,142.0,,82.08749342030659,,,1.5463917525773196,12411,CAN,,
Schleswig-Holstein,Germany,2020-07-22 01:35:34,54.2194,9.6961,3278,155,3050,73.0,,113.16278594489201,,,4.72849298352654,27615,DEU,,
Scotland,United Kingdom,2020-07-22 01:35:34,56.4907,-4.2026,18474,2491,,15983.0,,338.14727362583056,,,13.483815091479917,82603,GBR,,
Sergipe,Brazil,2020-07-22 01:35:34,-10.5741,-37.3857,47110,1182,25099,20829.0,,2049.4228031892862,,,2.5090214391848864,7626,BRA,,
Sevastopol*,Ukraine,2020-07-22 01:35:34,44.6054,33.522,305,6,238,61.0,,68.81598155280442,,,1.9672131147540983,80420,UKR,,
Shaanxi,China,2020-07-22 01:35:34,35.1917,108.8701,321,3,315,3.0,,0.8307453416149069,,,0.9345794392523364,15622,CHN,,
Shandong,China,2020-07-22 01:35:34,36.3427,118.1498,793,7,785,1.0,,0.7892903354235095,,,0.8827238335435057,15623,CHN,,
Shanghai,China,2020-07-22 01:35:34,31.202,121.4491,732,7,691,34.0,,3.01980198019802,,,0.9562841530054644,15624,CHN,,
Shanxi,China,2020-07-22 01:35:34,37.5777,112.2922,201,0,198,3.0,,0.5406132329209252,,,0.0,15625,CHN,,
Shiga,Japan,2020-07-22 01:35:34,35.21582700000001,136.13806399999999,117,1,103,13.0,,8.27473243263696,,,0.8547008547008547,39236,JPN,,
Shimane,Japan,2020-07-22 01:35:34,35.07076,132.55406399999998,25,0,24,1.0,,3.7072956612777417,,,0.0,39237,JPN,,
Shizuoka,Japan,2020-07-22 01:35:34,34.916975,138.40778400000002,114,1,88,25.0,,3.128835568163604,,,0.8771929824561403,39238,JPN,,
Sichuan,China,2020-07-22 01:35:34,30.6171,102.7103,599,3,590,6.0,,0.7181393118331135,,,0.5008347245409015,15626,CHN,,
Sicilia,Italy,2020-07-22 01:35:34,38.11569725,13.362356699999998,3146,283,2706,157.0,,62.921371685902756,,,8.995549904640814,38019,ITA,,
Sikkim,India,2020-07-22 01:35:34,27.571671000000002,88.472712,305,0,92,213.0,,44.18682479272033,,,0.0,35629,IND,,
Sinaloa,Mexico,2020-07-22 01:35:34,25.1721,-107.4795,11683,1894,8931,858.0,,370.10473682109716,,,16.211589489001113,48425,MEX,,
Sindh,Pakistan,2020-07-22 01:35:34,26.009446,68.77680699999999,113553,2019,92934,18600.0,,237.13168580136207,,,1.77802435866952,58607,PAK,,
Sint Maarten,Netherlands,2020-07-22 01:35:34,18.0425,-63.0548,79,15,63,1.0,,184.22648197378854,,,18.9873417721519,534,SXM,,
Skane,Sweden,2020-07-22 01:35:34,55.9903,13.5958,3464,260,,3204.0,,251.41037300038394,,,7.505773672055427,75213,SWE,,
Smolensk Oblast,Russia,2020-07-22 01:35:34,55.03434960000001,33.0192065,5427,88,3386,1953.0,,571.6554940864678,,,1.6215220195319697,64365,RUS,,
Sonora,Mexico,2020-07-22 01:35:34,29.2972,-110.3309,14947,1539,12329,1079.0,,486.12161333704097,,,10.296380544590887,48426,MEX,,
Sormland,Sweden,2020-07-22 01:35:34,59.0336,16.7519,2363,253,,2110.0,,794.1789339248504,,,10.70672873465933,75214,SWE,,
South Australia,Australia,2020-07-22 01:35:34,-34.9285,138.6007,444,4,440,0.0,,25.277540563620835,,,0.9009009009009009,3605,AUS,,
St Martin,France,2020-07-22 01:35:34,18.0708,-63.0501,46,3,39,4.0,,118.98910990972348,,,6.521739130434782,663,MAF,,
Stavropol Krai,Russia,2020-07-22 01:35:34,44.86325770000001,43.4406913,7099,131,4561,2407.0,,253.47469930452456,,,1.8453303282152416,64366,RUS,,
Stockholm,Sweden,2020-07-22 01:35:34,59.6025,18.1384,22780,2377,,20403.0,,958.3182062369772,,,10.43459174714662,75215,SWE,,
Sucre,Colombia,2020-07-22 01:35:34,8.814,-74.7233,4346,239,1363,2744.0,,480.2937019195171,,,5.499309710078233,17029,COL,,
Sumy Oblast,Ukraine,2020-07-22 01:35:34,50.9077,34.7981,371,6,322,43.0,,34.30680828319854,,,1.6172506738544474,80421,UKR,,
Sverdlovsk Oblast,Russia,2020-07-22 01:35:34,58.6414755,61.8021546,18250,205,12496,5549.0,,421.94034295311076,,,1.1232876712328768,64367,RUS,,
Tabasco,Mexico,2020-07-22 01:35:34,17.8409,-92.6189,18068,1652,14037,2379.0,,702.4099565872704,,,9.143236661500996,48427,MEX,,
Tacna,Peru,2020-07-22 01:35:34,-17.644160999999997,-70.27756,2008,17,,1991.0,,541.2398921832884,,,0.8466135458167331,60423,PER,,
Tamaulipas,Mexico,2020-07-22 01:35:34,24.2669,-98.8363,11851,743,8655,2453.0,,324.63138956259814,,,6.26951312125559,48428,MEX,,
Tambov Oblast,Russia,2020-07-22 01:35:34,52.9019574,41.3578918,5607,30,4382,1195.0,,542.4981036271034,,,0.5350454788657036,64368,RUS,,
Tamil Nadu,India,2020-07-22 01:35:34,11.006091,78.400624,175678,2551,121776,51351.0,,225.68748784626027,,,1.45208848006011,35630,IND,,
Tarapaca,Chile,2020-07-22 01:35:34,-19.9232,-69.5132,7820,144,7026,650.0,,2365.6967914859115,,,1.8414322250639386,15215,CHL,,
Tasmania,Australia,2020-07-22 01:35:34,-42.8821,147.3272,229,13,215,1.0,,42.76377217553688,,,5.676855895196507,3606,AUS,,
Tatarstan Republic,Russia,2020-07-22 01:35:34,55.7648572,52.43104273,5278,21,4205,1052.0,,135.53197455552805,,,0.3978779840848806,64369,RUS,,
Telangana,India,2020-07-22 01:35:34,18.1124,79.0193,46274,422,34323,11529.0,,117.55789715002506,,,0.9119591995505035,35631,IND,,
Ternopil Oblast,Ukraine,2020-07-22 01:35:34,49.5535,25.5948,2466,35,1593,838.0,,235.7825331611018,,,1.419302514193025,80422,UKR,,
Thuringen,Germany,2020-07-22 01:35:34,51.011,10.8453,3324,182,3120,22.0,,155.0991650121667,,,5.475330926594465,27616,DEU,,
Tianjin,China,2020-07-22 01:35:34,39.3054,117.323,203,3,195,5.0,,1.3012820512820513,,,1.477832512315271,15627,CHN,,
Tibet,China,2020-07-22 01:35:34,31.6927,88.0924,1,0,1,0.0,,0.029069767441860465,,,0.0,15628,CHN,,
Tlaxcala,Mexico,2020-07-22 01:35:34,19.3139,-98.2404,3911,541,2819,551.0,,283.4035380877399,,,13.832779340322169,48429,MEX,,
Tocantins,Brazil,2020-07-22 01:35:34,-10.1753,-48.2982,18354,308,11761,6285.0,,1166.9144097462847,,,1.6781083142639206,7627,BRA,,
Tochigi,Japan,2020-07-22 01:35:34,36.689912,139.819213,139,0,90,49.0,,7.187213998004126,,,0.0,39239,JPN,,
Tokushima,Japan,2020-07-22 01:35:34,33.919178,134.242091,10,1,4,5.0,,1.3736697725340223,,,10.0,39240,JPN,,
Tokyo,Japan,2020-07-22 01:35:34,35.711343,139.446921,9826,327,7312,2187.0,,70.58571851067725,,,3.3279055566863422,39241,JPN,,
Tolima,Colombia,2020-07-22 01:35:34,4.0925,-75.1545,1820,33,915,872.0,,136.82286776220187,,,1.8131868131868132,17030,COL,,
Tomsk Oblast,Russia,2020-07-22 01:35:34,58.6124279,82.04753149999998,3608,27,2034,1547.0,,334.6069666505917,,,0.7483370288248337,64370,RUS,,
Toscana,Italy,2020-07-22 01:35:34,43.76923077,11.25588885,10384,1131,8927,326.0,,278.41821773194795,,,10.89175654853621,38009,ITA,,
Tottori,Japan,2020-07-22 01:35:34,35.359069,133.863619,5,0,3,2.0,,0.899996040017424,,,0.0,39242,JPN,,
Toyama,Japan,2020-07-22 01:35:34,36.637464,137.26934599999998,233,22,206,5.0,,22.328658689681475,,,9.44206008583691,39243,JPN,,
Tripura,India,2020-07-22 01:35:34,23.746782999999997,91.743565,3079,7,1845,1227.0,,73.84057821561449,,,0.2273465410847678,35632,IND,,
Tula Oblast,Russia,2020-07-22 01:35:34,53.9570701,37.3690909,7977,191,6521,1265.0,,534.7034396774485,,,2.39438385357904,64371,RUS,,
Tumbes,Peru,2020-07-22 01:35:34,-3.857496,-80.54525500000003,3831,133,,3698.0,,1523.2604373757456,,,3.471678412947011,60424,PER,,
Turks and Caicos Islands,United Kingdom,2020-07-22 01:35:34,21.69400000000001,-71.7979,81,2,22,57.0,,209.20502092050208,,,2.4691358024691357,796,TCA,,
Tver Oblast,Russia,2020-07-22 01:35:34,57.1134475,35.174442799999994,4312,120,3742,450.0,,335.85876484667875,,,2.782931354359926,64372,RUS,,
Tyumen Oblast,Russia,2020-07-22 01:35:34,58.8206488,70.36588370000001,4885,22,3074,1789.0,,132.29877586393673,,,0.4503582395087001,64373,RUS,,
Tyva Republic,Russia,2020-07-22 01:35:34,51.4017149,93.8582593,5777,45,3038,2694.0,,1795.6496602656953,,,0.7789510126363164,64374,RUS,,
Ucayali,Peru,2020-07-22 01:35:34,-9.621718,-73.444929,9278,178,,9100.0,,1574.9448310982855,,,1.9185169217503772,60425,PER,,
Udmurt Republic,Russia,2020-07-22 01:35:34,57.1961165,52.69598320000001,2111,22,1493,596.0,,139.52006683216086,,,1.0421601136901941,64375,RUS,,
Ulyanovsk Oblast,Russia,2020-07-22 01:35:34,54.1463177,47.2324921,8037,60,5147,2830.0,,644.7043119865107,,,0.7465472191116088,64376,RUS,,
Umbria,Italy,2020-07-22 01:35:34,43.10675841,12.38824698,1459,80,1365,14.0,,165.41668792480854,,,5.483207676490747,38010,ITA,,
Unknown,Chile,2020-07-22 01:35:34,,,82,1,71,10.0,,,,,1.2195121951219512,15217,CHL,,
Unknown,Germany,2020-07-22 01:35:34,,,1203,0,,1203.0,,,,,0.0,27617,DEU,,
Unknown,Japan,2020-07-22 01:35:34,,,8,0,8,0.0,,,,,0.0,39249,JPN,,
Unknown,Netherlands,2020-07-22 01:35:34,,,494,18,,476.0,,,,,3.6437246963562755,52813,NLD,,
Unknown,Peru,2020-07-22 01:35:34,,,0,0,248746,-248746.0,,,,,,60426,PER,,
Unknown,Spain,2020-07-22 01:35:34,,,0,0,,0.0,,,,,,72420,ESP,,
Unknown,United Kingdom,2020-07-22 01:35:34,,,0,0,,0.0,,,,,,82605,GBR,,
Uppsala,Sweden,2020-07-22 01:35:34,60.0092,17.2715,3512,239,,3273.0,,915.2674003747593,,,6.805239179954442,75216,SWE,,
Utrecht,Netherlands,2020-07-22 01:35:34,52.084251,5.163824,4196,429,,3767.0,,309.70583850124814,,,10.224022878932317,52810,NLD,,
Uttar Pradesh,India,2020-07-22 01:35:34,26.925425,80.560982,51160,1192,30831,19137.0,,21.50639564096132,,,2.329945269741986,35633,IND,,
Uttarakhand,India,2020-07-22 01:35:34,30.156446999999996,79.197608,4642,55,3212,1375.0,,41.25907553006179,,,1.1848341232227488,35634,IND,,
Valle d'Aosta,Italy,2020-07-22 01:35:34,45.73750286,7.320149366,1196,146,1049,1.0,,951.7291868922382,,,12.207357859531772,38002,ITA,,
Valle del Cauca,Colombia,2020-07-22 01:35:34,3.8009,-76.6413,17914,675,9203,8036.0,,400.2336073796339,,,3.768002679468572,17031,COL,,
Valparaiso,Chile,2020-07-22 01:35:34,-33.0472,-71.6127,15914,427,14045,1442.0,,876.3688789372994,,,2.6831720497675002,15216,CHL,,
Varmland,Sweden,2020-07-22 01:35:34,59.7294,13.2354,1010,72,,938.0,,357.6309956305282,,,7.128712871287129,75217,SWE,,
Vasterbotten,Sweden,2020-07-22 01:35:34,65.3337,16.5162,883,31,,852.0,,324.9477433980039,,,3.5107587768969424,75218,SWE,,
Vasternorrland,Sweden,2020-07-22 01:35:34,63.4276,17.7292,1694,126,,1568.0,,690.4506678296453,,,7.43801652892562,75219,SWE,,
Vastmanland,Sweden,2020-07-22 01:35:34,59.6714,16.2159,2571,177,,2394.0,,932.045170294912,,,6.884480746791132,75220,SWE,,
Vastra Gotaland,Sweden,2020-07-22 01:35:34,58.2528,13.0596,17500,809,,16691.0,,1013.9748916640254,,,4.622857142857143,75221,SWE,,
Vaupes,Colombia,2020-07-22 01:35:34,0.8554,-70.812,61,1,28,32.0,,149.52079809789936,,,1.639344262295082,17032,COL,,
Veneto,Italy,2020-07-22 01:35:34,45.43490485,12.33845213,19671,2053,16994,624.0,,400.9699432555474,,,10.436683442631285,38005,ITA,,
Veracruz,Mexico,2020-07-22 01:35:34,19.1738,-96.1342,17406,2269,12296,2841.0,,203.8206237993073,,,13.035734804090543,48430,MEX,,
Vichada,Colombia,2020-07-22 01:35:34,4.4234,-69.2878,2,0,1,1.0,,1.8551498961116057,,,0.0,17033,COL,,
Victoria,Australia,2020-07-22 01:35:34,-37.8136,144.9631,6289,42,3078,3169.0,,94.858142656752,,,0.6678327238034664,3607,AUS,,
Vinnytsia Oblast,Ukraine,2020-07-22 01:35:34,49.2331,28.4682,2330,42,1770,518.0,,149.32126116865356,,,1.8025751072961373,80423,UKR,,
Vladimir Oblast,Russia,2020-07-22 01:35:34,56.0503336,40.6561633,5298,113,4675,510.0,,384.37624470648325,,,2.1328803322008305,64377,RUS,,
Volgograd Oblast,Russia,2020-07-22 01:35:34,49.6048339,44.29035820000001,8244,54,4687,3503.0,,326.9772924503307,,,0.6550218340611353,64378,RUS,,
Vologda Oblast,Russia,2020-07-22 01:35:34,60.0391461,43.1215213,2140,19,1666,455.0,,181.86623653318762,,,0.8878504672897196,64379,RUS,,
Volyn Oblast,Ukraine,2020-07-22 01:35:34,50.7472,25.3254,3318,77,2216,1025.0,,320.47752890382776,,,2.320675105485232,80424,UKR,,
Voronezh Oblast,Russia,2020-07-22 01:35:34,50.9800393,40.15065070000001,10258,77,7723,2458.0,,439.5466901594332,,,0.7506336517839735,64380,RUS,,
Wakayama,Japan,2020-07-22 01:35:34,33.911879,135.505446,96,3,73,20.0,,10.37913016402269,,,3.125,39244,JPN,,
Wales,United Kingdom,2020-07-22 01:35:34,52.1307,-3.7837,16965,1547,,15418.0,,540.5276237813038,,,9.118773946360154,82604,GBR,,
West Bengal,India,2020-07-22 01:35:34,23.814082,87.979803,44769,1147,26418,17204.0,,44.944597192894726,,,2.5620406978042842,35635,IND,,
Western Australia,Australia,2020-07-22 01:35:34,-31.9505,115.8605,651,9,625,17.0,,24.74720596061735,,,1.3824884792626728,3608,AUS,,
Xinjiang,China,2020-07-22 01:35:34,41.1129,85.2401,77,3,73,1.0,,0.3096099718536389,,,3.896103896103896,15629,CHN,,
Yamagata,Japan,2020-07-22 01:35:34,38.448396,140.102154,75,1,72,2.0,,6.959484664079595,,,1.3333333333333333,39245,JPN,,
Yamaguchi,Japan,2020-07-22 01:35:34,34.201190000000004,131.573293,42,0,37,5.0,,3.092018469656992,,,0.0,39246,JPN,,
Yamalo-Nenets Autonomous Okrug,Russia,2020-07-22 01:35:34,67.1471631,74.3415488,9656,64,4589,5003.0,,1792.9725724959937,,,0.6628003314001657,64381,RUS,,
Yamanashi,Japan,2020-07-22 01:35:34,35.612364,138.61148899999998,80,1,75,4.0,,9.864900191872309,,,1.25,39247,JPN,,
Yaroslavl Oblast,Russia,2020-07-22 01:35:34,57.77819760000001,39.0021095,5637,24,4933,680.0,,445.3718305675034,,,0.4257583821181479,64382,RUS,,
Yucatan,Mexico,2020-07-22 01:35:34,20.7099,-89.0943,7483,727,5401,1355.0,,331.23839691770786,,,9.715354804222905,48431,MEX,,
Yukon,Canada,2020-07-22 01:35:34,64.2823,-135.0,13,0,11,2.0,,31.647110375383416,,,0.0,12412,CAN,,
Yunnan,China,2020-07-22 01:35:34,24.974,101.487,188,2,183,3.0,,0.38923395445134573,,,1.0638297872340425,15630,CHN,,
Zabaykalsky Krai,Russia,2020-07-22 01:35:34,52.248521,115.956325,3952,47,3266,639.0,,368.3797443340175,,,1.1892712550607287,64383,RUS,,
Zacatecas,Mexico,2020-07-22 01:35:34,22.7709,-102.5832,1919,173,1228,518.0,,115.15662861717232,,,9.015112037519541,48432,MEX,,
Zakarpattia Oblast,Ukraine,2020-07-22 01:35:34,48.6208,22.2879,4518,160,1650,2708.0,,359.4838327755685,,,3.5413899955732626,80425,UKR,,
Zaporizhia Oblast,Ukraine,2020-07-22 01:35:34,47.8388,35.1396,682,21,552,109.0,,39.980396708710565,,,3.0791788856304985,80426,UKR,,
Zeeland,Netherlands,2020-07-22 01:35:34,51.47936,3.8615589999999997,800,69,,731.0,,208.61148197596796,,,8.625,52811,NLD,,
Zhejiang,China,2020-07-22 01:35:34,29.1832,120.0934,1270,1,1267,2.0,,2.2137005403521006,,,0.07874015748031496,15631,CHN,,
Zhytomyr Oblast,Ukraine,2020-07-22 01:35:34,50.2547,28.6587,1609,35,1264,310.0,,131.86438538821318,,,2.175264139216905,80427,UKR,,
Zuid-Holland,Netherlands,2020-07-22 01:35:34,51.937835,4.462114,12039,1304,,10735.0,,324.61544435025144,,,10.831464407342802,52812,NLD,,
Unknown,India,2020-07-22 01:35:34,,,163,0,,163.0,,,,,0.0,35636,IND,,
Unknown,Colombia,2020-07-22 01:35:34,,,0,0,,0.0,,,,,,17034,COL,,
Diamond Princess,Canada,2020-07-22 01:35:34,,,0,1,,-1.0,,,,,,12413,CAN,,
Grand Princess,Canada,2020-07-22 01:35:34,,,13,0,13,0.0,,,,,0.0,12414,CAN,,
