Country_Region,Population,Land Area,Groping1,Groping2
China,1439323776,9388211,Asia,East Asia
India,1380004385,2973190,Asia,South Asia
US,331002651,9147420,The Americas,Northern America
Guangdong - China,113460000,179800,,
Indonesia,273523615,1811570,Asia,Southeast Asia
Pakistan,220892340,770880,Asia,South Asia
Brazil,212559417,8358140,The Americas,South America
Nigeria,206139589,910770,Africa,Western Africa
Bangladesh,164689383,130170,Asia,South Asia
Russia,145934462,16376870,Europe,Europe
Mexico,128932753,1943950,The Americas,Central America
Japan,126476461,364555,Asia,East Asia
Ethiopia,114963588,1000000,Africa,Eastern Africa
Philippines,109581078,298170,Asia,Southeast Asia
Egypt,102334404,995450,Africa,Northern Africa
Vietnam,97338579,310070,Asia,Southeast Asia
Congo (Kinshasa),89561403,2267050,Africa,Central Africa
Turkey,84339067,769630,Europe,Europe
Iran,83992949,1628550,Middle East,Middle East
Germany,83783942,348560,Europe,EU
Thailand,69799978,510890,Asia,Southeast Asia
United Kingdom,67886011,241930,Europe,Europe
France,65273511,547557,Europe,EU
Italy,60461826,294140,Europe,EU
Tanzania,59734218,885800,Africa,Eastern Africa
South Africa,59308690,1213090,Africa,Southern Africa
Burma,54409800,653290,Asia,Southeast Asia
Kenya,53771296,569140,Africa,Eastern Africa
"Korea, South",51269185,97230,Asia,East Asia
Colombia,50882891,1109500,The Americas,South America
Spain,46754778,498800,Europe,EU
Uganda,45741007,199810,Africa,Eastern Africa
Argentina,45195774,2736690,The Americas,South America
Algeria,43851044,2381740,Africa,Northern Africa
Sudan,43849260,1765048,Africa,Northern Africa
Ukraine,43733762,579320,Europe,Europe
Iraq,40222493,434320,Middle East,Middle East
Afghanistan,38928346,652860,Asia,South Asia
Poland,37846611,306230,Europe,EU
Canada,37742154,9093510,The Americas,Northern America
Morocco,36910560,446300,Africa,Northern Africa
Saudi Arabia,34813871,2149690,Middle East,Middle East
Uzbekistan,33469203,425400,Asia,Central Asia
Peru,32971854,1280000,The Americas,South America
Angola,32866272,1246700,Africa,Southern Africa
Malaysia,32365999,328550,Asia,Southeast Asia
Mozambique,31255435,786380,Africa,Eastern Africa
Ghana,31072940,227540,Africa,Western Africa
Yemen,29825964,527970,Middle East,Middle East
Nepal,29136808,143350,Asia,South Asia
Venezuela,28435940,882050,The Americas,South America
Madagascar,27691018,581795,Africa,Eastern Africa
Cameroon,26545863,472710,Africa,Central Africa
Cote d'Ivoire,26378274,318000,Africa,Western Africa
"Korea, North",25778816,120410,Asia,East Asia
Australia,25499884,7682300,Oceania,Oceania
Niger,24206644,1266700,Africa,Western Africa
Taiwan*,23816775,35410,Asia,East Asia
Sri Lanka,21413249,62710,Asia,South Asia
Burkina Faso,20903273,273600,Africa,Western Africa
Mali,20250833,1220190,Africa,Western Africa
Romania,19237691,230170,Europe,EU
Malawi,19129952,94280,Africa,Eastern Africa
Chile,19116201,743532,The Americas,South America
Kazakhstan,18776707,2699700,Asia,Central Asia
Zambia,18383955,743390,Africa,Eastern Africa
Guatemala,17915568,107160,The Americas,Central America
Ecuador,17643054,248360,The Americas,South America
Syria,17500658,183630,Middle East,Middle East
Netherlands,17134872,33720,Europe,EU
Senegal,16743927,192530,Africa,Western Africa
Cambodia,16718965,176520,Asia,Southeast Asia
Chad,16425864,1259200,Africa,Central Africa
Somalia,15893222,627340,Africa,Eastern Africa
Zimbabwe,14862924,386850,Africa,Eastern Africa
Guinea,13132795,245720,Africa,Western Africa
Rwanda,12952218,24670,Africa,Eastern Africa
Benin,12123200,112760,Africa,Western Africa
Burundi,11890784,25680,Africa,Eastern Africa
Tunisia,11818619,155360,Africa,Northern Africa
Bolivia,11673021,1083300,The Americas,South America
Belgium,11589623,30280,Europe,EU
Haiti,11402528,27560,The Americas,The Caribbean
Cuba,11326616,106440,The Americas,The Caribbean
South Sudan,11193725,610952,Africa,Northern Africa
Dominican Republic,10847910,48320,The Americas,The Caribbean
Czechia,10708981,77240,Europe,EU
Greece,10423054,128900,Europe,EU
Jordan,10203134,88780,Middle East,Middle East
Portugal,10196709,91590,Europe,EU
Azerbaijan,10139177,82658,Asia,Western Asia
Sweden,10099265,410340,Europe,EU
Honduras,9904607,111890,The Americas,Central America
United Arab Emirates,9890402,83600,Middle East,Middle East
Hungary,9660351,90530,Europe,EU
Tajikistan,9537645,139960,Asia,Central Asia
Belarus,9449323,202910,Europe,Europe
Austria,9006398,82409,Europe,EU
Papua New Guinea,8947024,452860,Oceania,Oceania
Serbia,8737371,87460,Europe,Europe
Israel,8655535,21640,Middle East,Middle East
Switzerland,8654622,39516,Europe,Europe
Togo,8278724,54390,Africa,Western Africa
Sierra Leone,7976983,72180,Africa,Western Africa
Hong Kong - China,7496981,1050,Asia,East Asia
Laos,7275560,230800,Asia,Southeast Asia
Paraguay,7132538,397300,The Americas,South America
Bulgaria,6948445,108560,Europe,EU
Libya,6871292,1759540,Africa,Northern Africa
Lebanon,6825445,10230,Middle East,Middle East
Nicaragua,6624554,120340,The Americas,Central America
Kyrgyzstan,6524195,191800,Asia,Central Asia
El Salvador,6486205,20720,The Americas,Central America
Turkmenistan,6031200,469930,Asia,Central Asia
Singapore,5850342,700,Asia,Southeast Asia
Denmark,5792202,42430,Europe,EU
Finland,5540720,303890,Europe,EU
Congo (Brazzaville),5518087,341500,Africa,Central Africa
Slovakia,5459642,48088,Europe,EU
Norway,5421241,365268,Europe,Europe
Oman,5106626,309500,Middle East,Middle East
West Bank and Gaza,5101414,6020,Middle East,Middle East
Costa Rica,5094118,51060,The Americas,Central America
Liberia,5057681,96320,Africa,Western Africa
Ireland,4937786,68890,Europe,EU
Central African Republic,4829767,622980,Africa,Central Africa
New Zealand,4822233,263310,Oceania,Oceania
Mauritania,4649658,1030700,Africa,Western Africa
Panama,4314767,74340,The Americas,Central America
Kuwait,4270571,17820,Middle East,Middle East
Croatia,4105267,55960,Europe,Europe
Moldova,4033963,32850,Europe,Europe
Georgia,3989167,69490,Asia,Western Asia
Eritrea,3546421,101000,Africa,Eastern Africa
Uruguay,3473730,175020,The Americas,South America
Bosnia and Herzegovina,3280819,51000,Europe,Europe
Mongolia,3278290,1553560,Asia,East Asia
Armenia,2963243,28470,Asia,Western Asia
Jamaica,2961167,10830,The Americas,The Caribbean
Qatar,2881053,11610,Middle East,Middle East
Albania,2877797,27400,Europe,Europe
Puerto Rico,2860853,8870,The Americas,The Caribbean
Lithuania,2722289,62674,Europe,EU
Namibia,2540905,823290,Africa,Southern Africa
Gambia,2416668,10120,Africa,Western Africa
Botswana,2351627,566730,Africa,Southern Africa
Gabon,2225734,257670,Africa,Central Africa
Lesotho,2142249,30360,Africa,Southern Africa
North Macedonia,2083374,25220,Europe,Europe
Slovenia,2078938,20140,Europe,EU
Guinea-Bissau,1968001,28120,Africa,Western Africa
Latvia,1886198,62200,Europe,EU
Bahrain,1701575,760,Middle East,Middle East
Equatorial Guinea,1402985,28050,Africa,Central Africa
Trinidad and Tobago,1399488,5130,The Americas,The Caribbean
Estonia,1326535,42390,Europe,EU
Timor-Leste,1318445,14870,Asia,Southeast Asia
Mauritius,1271768,2030,Africa,Eastern Africa
Cyprus,1207359,9240,Europe,EU
Eswatini,1160164,17200,Africa,Southern Africa
Djibouti,988000,23180,Africa,Eastern Africa
Fiji,896445,18270,Oceania,Oceania
Reunion,895312,2500,Africa,Eastern Africa
Comoros,869601,1861,Africa,Eastern Africa
Guyana,786552,196850,The Americas,South America
Bhutan,771608,38117,Asia,South Asia
Solomon Islands,686884,27990,Oceania,Oceania
Macao - China,649335,30,Asia,East Asia
Montenegro,628066,13450,Europe,Europe
Luxembourg,625978,2590,Europe,EU
Western Sahara,597339,266000,Africa,Northern Africa
Suriname,586632,156000,The Americas,South America
Cabo Verde,555987,4030,Africa,Western Africa
Maldives,540544,300,Asia,South Asia
Malta,441543,320,Europe,EU
Brunei,437479,5270,Asia,Southeast Asia
Guadeloupe,400124,1690,The Americas,The Caribbean
Belize,397628,22810,The Americas,Central America
Bahamas,393244,10010,The Americas,The Caribbean
Martinique,375265,1060,The Americas,The Caribbean
Iceland,341243,100250,Europe,Europe
Vanuatu,307145,12190,Oceania,Oceania
French Guiana,298682,82200,The Americas,South America
Barbados,287375,430,The Americas,The Caribbean
New Caledonia,285498,18280,Oceania,Oceania
French Polynesia,280908,3660,Oceania,Oceania
Mayotte,272815,375,Africa,Eastern Africa
Sao Tome and Principe,219159,960,Africa,Central Africa
Samoa,198414,2830,Oceania,Oceania
Saint Lucia,183627,610,The Americas,The Caribbean
Channel Islands,173863,190,,
Guam,168775,540,Oceania,Oceania
Curacao,164093,444,,
Kiribati,119449,810,Oceania,Oceania
Micronesia,115023,700,Oceania,Oceania
Grenada,112523,340,The Americas,The Caribbean
Saint Vincent and the Grenadines,110940,390,The Americas,The Caribbean
Aruba,106766,180,The Americas,The Caribbean
Tonga,105695,720,Oceania,Oceania
U.S. Virgin Islands,104425,350,,
Seychelles,98347,460,Africa,Eastern Africa
Antigua and Barbuda,97929,440,The Americas,The Caribbean
Isle of Man,85033,570,,
Andorra,77265,470,Europe,Europe
Dominica,71986,750,The Americas,The Caribbean
Cayman Islands,65722,240,The Americas,The Caribbean
Bermuda,62278,50,The Americas,Northern America
Marshall Islands,59190,180,Oceania,Oceania
Northern Mariana Islands,57559,460,,
Greenland,56770,410450,The Americas,Northern America
American Samoa,55191,200,Oceania,Oceania
Saint Kitts and Nevis,53199,260,The Americas,The Caribbean
Faeroe Islands,48863,1396,,
Sint Maarten,42876,34,The Americas,The Caribbean
Monaco,39242,1,Europe,Europe
Turks and Caicos,38717,950,,
Saint Martin,38666,53,The Americas,The Caribbean
Liechtenstein,38128,160,Europe,Europe
San Marino,33931,60,Europe,Europe
Gibraltar,33691,10,Europe,Europe
British Virgin Islands,30231,150,The Americas,The Caribbean
Caribbean Netherlands,26223,328,,
Palau,18094,460,Oceania,Oceania
Cook Islands,17564,240,,
Anguilla,15003,90,The Americas,The Caribbean
Tuvalu,11792,30,Oceania,Oceania
Wallis and Futuna,11239,140,,
Nauru,10824,20,Oceania,Oceania
Saint Barthelemy,9877,21,The Americas,The Caribbean
Saint Helena,6077,390,Africa,Western Africa
Saint Pierre and Miquelon,5794,230,The Americas,Northern America
Montserrat,4992,100,,
Falkland Islands,3480,12170,,
Niue,1626,260,Oceania,Oceania
Tokelau,1357,10,,
Holy See,801,0,Europe,Europe
Kosovo,1810463,10887,Europe,Europe